PopulationID;Population;PopulationYear;OrganisationName
1;92228;2023;Prefeitura de Serra Talhada
2;17662000;2022;City of Shenzhen
3;162517;2022;Renca
4;33346;2017;Municipalidad Distrital de Yura
5;46649;2022;Trelleborg Municipality
6;150054;2020;Valle de Santiago
7;236634;2022;City of Boise, ID
8;308935;2021;City of Cincinnati, OH
9;118730;2022;Prefeitura de Piraquara
10;500425;2020;Kota Kinabalu City Hall
11;1382000;2023;City of San Diego, CA
12;37596;2022;Prefeitura de SirinhaÃ©m
13;1396673;2022;City of Milan
14;241599;2017;Municipalidad de PeÃ±alolÃ©n
15;650332;2018;Mar del Plata
16;97695;2021;Municipalidad de Vitacura
17;193349;2021;Municipality of Braga
18;1396673;2022;City of Milan
19;879958;2020;Presidencia Municipal de Saltillo
20;11107;2021;City of Piedmont, CA
21;715884;2020;Metropolitan Government of Nashville and Davidson County, TN
22;210410;2017;Municipalidad de Quilicura
23;112800;2022;Hutt City Council
24;0;;Ville de Kinshasa
25;1253893;2022;Can Tho City
26;241245;2022;Probolinggo
27;2867800;2021;Greater Manchester Combined Authority
28;307193;2021;City of Saint Paul, MN
29;460855;2022;Canberra
30;322068;2023;Tagum City
31;811532;2021;Siliguri Municipal Corporation
32;108250;2021;City of Boulder, CO
33;319566;2021;Nottingham City Council
34;46131;2021;Municipality of Ãgueda
35;480439;2022;Prefeitura da Cidade de SÃ£o JosÃ© do Rio Preto
36;3025647;2022;City of Toronto, ON
37;10609700;2021;Jakarta City Government
38;229660;2021;City of Windsor, ON
39;90800;2021;Cotswold District Council
40;101079;2020;City of New Bedford, MA
41;976482;2022;City of San JosÃ©, CA
42;302692;2022;Prefeitura de Palmas
43;2573220;2023;MedellÃ­n
44;700534;2022;City of San Jose del Monte
45;37596;2022;Prefeitura de SirinhaÃ©m
46;1001406;2022;Municipalidad de Rosario
47;61950;2021;City of Santa Cruz, CA
48;784774;2020;City of Niigata
49;913862;2022;Quang Binh Province
50;678600;2021;Cambridgeshire County Council
51;6211423;2022;Prefeitura do Rio de Janeiro
52;120932;2022;City of West Palm Beach, FL
53;643452;2021;Municipality of Athens
54;650000;2023;Municipalidad de Comas
55;434403;2018;Alcaldia de Manizales
56;152223;2021;Swale Borough Council
57;9418;2021;Uppvidinge Municipality
58;26201;2011;Municipalidad de CaÃ±as
59;300200;2021;Newcastle City Council
60;388767;2022;Municipality of Sintra
61;110525;2021;City of St. John's, NL
62;516341;2020;TultitlÃ¡n
63;1051689;2021;YaoundÃ© 4
64;152223;2021;Swale Borough Council
65;937674;2020;Ayuntamiento de Chihuahua
66;2960048;2020;The Local Government of Quezon City
67;60769;2021;San Rafael, CA
68;1513234;2022;Lilongwe City Council
69;559674;2023;City of Manchester
70;8790;2021;Town of Bridgewater, NS
71;8367790;2023;RegiÃ³n Metropolitana de Santiago
72;4184944;2021;eThekwini Municipality
73;41132;2023;Montes de Oca
74;162100;2021;Oxford City Council
75;715884;2020;Metropolitan Government of Nashville and Davidson County, TN
76;24000;2017;Municipalidad de BelÃ©n
77;984748;2022;City of Stockholm
78;162100;2021;Oxford City Council
79;229660;2021;City of Windsor, ON
80;167000;2017;Alcaldia de Valdivia
81;220659;2021;Wollongong City Council
82;1236035;2021;Lancashire County Council (City)
83;317713;2021;City of MÃ¼nster
84;441290;2020;Kirklees Council
85;114615;2022;Municipalidad de La UniÃ³n
86;2688004;2022;Antalya Metropolitan Municipality
87;0;;Handa City
88;1382000;2023;City of San Diego, CA
89;366079;2022;City of Florence
90;672727;2021;Pontianak
91;798367;2022;Pingtung County Government
92;2758454;2022;City of Rome
93;277251;2018;Gobierno Municipal de la Ciudad de ParanÃ¡
94;2025928;2021;Ville de Montreal, QC
95;812563;2021;City of Portland, OR
96;3280782;2022;City of Madrid
97;6110642;2021;City of Abidjan
98;53053;2022;HÃ¸je-Taastrup Municipality
99;53591;2021;Municipality of Ã‰vora
100;1291784;2022;Prefeitura de Guarulhos
101;300200;2021;Newcastle City Council
102;174200;2021;Reading Borough Council
103;8600;2021;City of London (City)
104;44480;2020;City of Salem, MA
105;19081;2020;Municipalidad de Puerto Esperanza
106;57611;2019;Tres Arroyos
107;88168;2021;District of North Vancouver, BC
108;651495;2022;Jeonju City
109;142079;2017;Municipalidad de Providencia
110;229660;2021;City of Windsor, ON
111;301115;2022;City of Greensboro, NC
112;1035402;2023;Changwon City
113;73611;2022;City of Saint John, NB
114;13739000;2022;Wuhan Municipal People's Government
115;327506;2021;Wandsworth Council
116;319566;2021;Nottingham City Council
117;24000;2017;Municipalidad de BelÃ©n
118;917988;2023;City of Kitakyushu
119;21326;2023;Municipio de Iztapa
120;3025647;2022;City of Toronto, ON
121;968930;2020;Subang Jaya
122;306322;2020;Municipality of Santa Catarina
123;70829;2021;City of Zadar
124;388767;2022;Municipality of Sintra
125;297879;2016;Alajuela
126;398801;2022;Gorontalo Regency
127;413486;2022;Prefeitura Municipal de Boa Vista
128;128464;2020;City of Columbia, MO
129;556500;2021;Sheffield City Council
130;22878;2021;City of Prairie Village, KS
131;241599;2017;Municipalidad de PeÃ±alolÃ©n
132;4017000;2023;New Taipei City Government
133;157238;2018;Concordia
134;656464;2022;Ayuntamiento de Apodaca
135;3222200;2022;Zhenjiang Municipal People's Government
136;467880;2022;Tel Aviv-Yafo Municipality
137;53053;2022;HÃ¸je-Taastrup Municipality
138;34896;2010;FokouÃ©
139;687127;2020;Municipality of San Pedro Tlaquepaque
140;418608;2022;Prefeitura Municipal de Santos
141;329972;2021;London Borough of Enfield
142;317713;2021;City of MÃ¼nster
143;83075;2021;Municipality of Torres Vedras
144;596841;2022;City of Gothenburg
145;146207;2017;Municipalidad de Colina
146;105309;2020;Municipio de Montecristi
147;678600;2021;Cambridgeshire County Council
148;1636193;2022;City of Barcelona
149;488527;2021;Sanggau Regency
150;150975;2022;City of Helsingborg
151;167000;2017;Alcaldia de Valdivia
152;4430700;2019;Greater Amman Municipality
153;57703;2022;City of Hoboken, NJ
154;230504;2020;City of Fremont, CA
155;262700;2023;Aberdeenshire Council
156;1908600;2022;Government of Tangerang City
157;108843;2021;City of Thunder Bay, ON
158;1488920;2022;Municipality of Recife
159;8607;2018;City of Park City, UT
160;242917;2022;City of Vantaa
161;8367790;2023;RegiÃ³n Metropolitana de Santiago
162;4017000;2023;New Taipei City Government
163;7346100;2022;Government of Hong Kong Special Administrative Region
164;2079072;2022;Kocaeli Metropolitan Municipality
165;101079;2020;City of New Bedford, MA
166;307079;2020;City of Puerto Princesa
167;709037;2023;Oslo Municipality
168;456923;2022;City of Miami, FL
169;1659975;2023;Semarang City Government
170;151960;2023;Blitar City
171;118403;2020;City of Cambridge, MA
172;686966;2020;Shah Alam City Council
173;737015;2020;City of Seattle, WA
174;457410;2022;South-East Region of Ireland (Kilkenny, Carlow, Wexford, and Waterford Counties)
175;44480;2020;City of Salem, MA
176;274765;2022;Yeosu City
177;12205;2019;Zarcero
178;26120;2022;City of Adelaide
179;2137829;2015;Mid-America Regional Council
180;24000;2017;Municipalidad de BelÃ©n
181;256743;2022;Municipality of Vitoria-Gasteiz
182;100281;2017;Municipalidad de Independencia
183;171357;2021;Merri-bek City Council
184;301115;2022;City of Greensboro, NC
185;40000;2023;Middelfart Municipality
186;108250;2021;City of Boulder, CO
187;138501;2021;Town of Whitby, ON
188;881933;2022;Municipality of Amsterdam
189;88168;2021;District of North Vancouver, BC
190;537213;2022;Prefeitura de FlorianÃ³polis
191;709037;2023;Oslo Municipality
192;47722;2022;San Luis Obispo, CA
193;35506;2020;City of Manhattan Beach, CA
194;908386;2022;City of Columbus, OH
195;142079;2017;Municipalidad de Providencia
196;564000;2023;Municipality of The Hague
197;37596;2022;Prefeitura de SirinhaÃ©m
198;8367790;2023;RegiÃ³n Metropolitana de Santiago
199;242917;2022;City of Vantaa
200;1448964;2022;Kyoto City
201;19000;2020;Ferndale, MI
202;128464;2020;City of Columbia, MO
203;629616;2020;City Government of Makati
204;241599;2017;Municipalidad de PeÃ±alolÃ©n
205;89139;2022;City of Canada Bay
206;1067310;2022;City of Ottawa, ON
207;39085;2022;Unley City Council
208;58120;2021;City of North Vancouver, BC
209;162517;2022;Renca
210;897720;2022;City of Charlotte, NC
211;1266860;2019;Kisii County
212;319793;2022;City of Orlando, FL
213;130616;2012;Manzanillo
214;362235;2023;Aarhus Municipality
215;0;2023;Tambrauw Regency
216;162517;2022;Renca
217;150680;2020;Derry City & Strabane
218;5050;2023;Mongua
219;140679;2017;Municipalidad Distrital de La Molina
220;356786;2020;Uruapan
221;60769;2021;San Rafael, CA
222;6938;2020;City of Belfast, ME
223;74582;2021;City of Iowa City, IA
224;174200;2021;Reading Borough Council
225;24000;2017;Municipalidad de BelÃ©n
226;241245;2022;Probolinggo
227;467880;2022;Tel Aviv-Yafo Municipality
228;20600000;2021;City of Delhi
229;4017000;2023;New Taipei City Government
230;456923;2022;City of Miami, FL
231;656863;2020;Aipromades Lago de Chapala
232;1138309;2022;Municipality of Campinas
233;188857;2022;Hang Tuah Jaya Municipal Council
234;68624;2022;City of Palo Alto, CA
235;10609700;2021;Jakarta City Government
236;120460;2020;Ciudad de Mendoza
237;24000;2017;Municipalidad de BelÃ©n
238;3126469;2010;Addis Ababa City Administration
239;644425;2022;Copenhagen Municipality
240;113951;2021;Huddinge Municipality
241;99557;2023;City of Yarra
242;231962;2021;City of Porto
243;230998;2020;City of Ormoc
244;68054;2022;City of Grand Junction, CO
245;195278;2021;Richmond Council
246;936263;2020;Ayuntamiento de Hermosillo
247;1636193;2022;City of Barcelona
248;329972;2021;London Borough of Enfield
249;366079;2022;City of Florence
250;808437;2022;City of San Francisco, CA
251;366358;2020;Baguio City
252;158188;2022;Prefeitura de Abaetetuba
253;391231;2010;Santa FÃ© Ciudad
254;94067;2021;City of Asheville, NC
255;20679;2022;Mora Municipality
256;20018;2010;BaÃ±os de Agua Santa
257;327506;2021;Wandsworth Council
258;678600;2021;Cambridgeshire County Council
259;8367790;2023;RegiÃ³n Metropolitana de Santiago
260;216000;2021;Municipality of Cascais
261;913862;2022;Quang Binh Province
262;195278;2021;Richmond Council
263;4430700;2019;Greater Amman Municipality
264;2960048;2020;The Local Government of Quezon City
265;934000;2023;City of Pietermaritzburg
266;83601;2023;City of Mountain View, CA
267;297562;2020;Municipalidad de Tampico
268;6938;2020;City of Belfast, ME
269;117735;2021;District of Saanich, BC
270;737015;2020;City of Seattle, WA
271;1636193;2022;City of Barcelona
272;26201;2011;Municipalidad de CaÃ±as
273;15539;2021;Town of Durham, NH
274;10609700;2021;Jakarta City Government
275;226915;2021;North Minahasa
276;17703;2020;City of Takoma Park, MD
277;388767;2022;Municipality of Sintra
278;3025647;2022;City of Toronto, ON
279;317713;2021;City of MÃ¼nster
280;388767;2022;Municipality of Sintra
281;9189036;2020;Mexico City
282;369749;2022;City of New Orleans, LA
283;976482;2022;City of San JosÃ©, CA
284;2573220;2023;MedellÃ­n
285;5243392;2020;Region Metropolitana de Guadalajara
286;142079;2017;Municipalidad de Providencia
287;64470;2017;Municipalidad de San Isidro (Lima)
288;11118;2020;Totoras
289;10609700;2021;Jakarta City Government
290;1160244;2022;Thua Thien Hue Province
291;3081550;2022;City of Buenos Aires
292;13000000;2019;Bengaluru
293;592953;2020;Municipality of Irapuato
294;1081234;2021;Tiruchirappalli City Municipal Corporation
295;724724;2023;City of Sagamihara
296;808437;2022;City of San Francisco, CA
297;63228;2018;City of Cupertino, CA
298;232597;2022;Dharmasraya City
299;463150;2022;Municipality of Murcia
300;467880;2022;Tel Aviv-Yafo Municipality
301;3025647;2022;City of Toronto, ON
302;668448;2022;City of Vancouver, BC
303;0;;San Rafael de Heredia
304;101764;2022;City of Longmont, CO
305;622014;2022;Jambi City
306;859665;2023;Petaling Jaya City Council
307;241599;2017;Municipalidad de PeÃ±alolÃ©n
308;96507;2023;City of Iida
309;4184944;2021;eThekwini Municipality
310;644425;2022;Copenhagen Municipality
311;435000;2022;City of London, ON
312;1236035;2021;Lancashire County Council (City)
313;311694;2022;Dobong-gu District of Seoul
314;808437;2022;City of San Francisco, CA
315;117735;2021;District of Saanich, BC
316;35506;2020;City of Manhattan Beach, CA
317;146207;2017;Municipalidad de Colina
318;1540962;2022;City of Kawasaki
319;324272;2018;Municipality of GuaymallÃ©n
320;274200;2021;Sunderland City Council
321;515317;2020;Prefeitura de NiterÃ³i
322;307193;2021;City of Saint Paul, MN
323;301115;2022;City of Greensboro, NC
324;142885;2023;Kinmen County Government
325;59348;2022;Municipality of Figueira da Foz
326;451100;2011;Udaipur Municipal Corporation
327;976482;2022;City of San JosÃ©, CA
328;668448;2022;City of Vancouver, BC
329;28239;2013;City of Trebinje
330;181175;2010;Ibarra
331;1476491;2020;Ayuntamiento de Zapopan
332;126666;2021;Town of Ajax, ON
333;33411;2021;City of Orillia, ON
334;667679;2021;City of Las Vegas, NV
335;1636193;2022;City of Barcelona
336;1396673;2022;City of Milan
337;500425;2020;Kota Kinabalu City Hall
338;2696555;2021;City of Chicago, IL
339;1773733;2022;Municipality of Curitiba
340;10899;2017;Algarrobo
341;1286678;2011;Rajkot Municipal Corporation
342;60000;2022;ParaÃ­so
343;54583;2020;Village of Oak Park, IL
344;257629;2022;Banda Aceh City Government
345;5383728;2022;City of Dar es Salaam
346;34454;2020;Town of Lexington, MA
347;229660;2021;City of Windsor, ON
348;136803;2021;City of St Catharines, ON
349;369749;2022;City of New Orleans, LA
350;146175;2022;City of Guelph, ON
351;908386;2022;City of Columbus, OH
352;1503300;2021;Essex County Council
353;881933;2022;Municipality of Amsterdam
354;457410;2022;South-East Region of Ireland (Kilkenny, Carlow, Wexford, and Waterford Counties)
355;976482;2022;City of San JosÃ©, CA
356;117735;2021;District of Saanich, BC
357;5383728;2022;City of Dar es Salaam
358;171307;2021;City of Newcastle
359;8448000;2022;Fuzhou Municipal People's Government
360;152223;2021;Swale Borough Council
361;2363691;2022;Daegu Metropolitan City
362;10609700;2021;Jakarta City Government
363;407542;2023;Toyama City
364;739669;2023;Trenggalek Regency
365;6211423;2022;Prefeitura do Rio de Janeiro
366;116065;2010;Prefeitura de Itapipoca
367;803282;2022;City of KrakÃ³w
368;456923;2022;City of Miami, FL
369;1348600;2022;City of Calgary, AB
370;936263;2020;Ayuntamiento de Hermosillo
371;172557;2021;Municipality of Matosinhos
372;798367;2022;Pingtung County Government
373;703611;2022;Balikpapan City Government
374;108250;2021;City of Boulder, CO
375;4430700;2019;Greater Amman Municipality
376;4430700;2019;Greater Amman Municipality
377;435000;2022;City of London, ON
378;210410;2017;Municipalidad de Quilicura
379;276719;2016;KwaDukuza
380;219205;2021;City of Tacoma, WA
381;242140;2022;Uppsala Municipality
382;217748;2022;City of Sydney
383;132485;2021;City of Kingston, ON
384;9002488;2020;Greater London Authority
385;14034861;2023;Tokyo Metropolitan Government
386;1236035;2021;Lancashire County Council (City)
387;2662777;2021;Miami-Dade, FL
388;10342100;2022;Qingdao Municipal Government
389;10609700;2021;Jakarta City Government
390;481983;2022;KadÄ±kÃ¶y
391;1200000;2015;Freetown City
392;1138309;2022;Municipality of Campinas
393;798367;2022;Pingtung County Government
394;984748;2022;City of Stockholm
395;202821;2021;City of York Council
396;42446;2021;City of Beverly, MA
397;1365642;2023;City of Prague
398;1253893;2022;Can Tho City
399;656464;2022;Ayuntamiento de Apodaca
400;26201;2011;Municipalidad de CaÃ±as
401;117147;2021;City of Berkeley, CA
402;0;;Adachi City
403;936263;2020;Ayuntamiento de Hermosillo
404;205933;2020;Ciudad Madero
405;629616;2020;City Government of Makati
406;479000;2018;Dire Dawa
407;57703;2022;City of Hoboken, NJ
408;709037;2023;Oslo Municipality
409;277200;2021;City of BrightonÂ & Hove
410;366079;2022;City of Florence
411;297879;2016;Alajuela
412;41132;2023;Montes de Oca
413;936263;2020;Ayuntamiento de Hermosillo
414;2573220;2023;MedellÃ­n
415;622014;2022;Jambi City
416;37436;2017;Municipalidad Distrital de Moche
417;910608;2020;Gobierno Municipal de Toluca de Lerdo
418;86523;2021;Municipality of Mafra
419;136803;2021;City of St Catharines, ON
420;480439;2022;Prefeitura da Cidade de SÃ£o JosÃ© do Rio Preto
421;1087803;2022;City of Edmonton, AB
422;1657035;2022;City of Phoenix, AZ
423;583533;2023;Dane County, WI
424;307425;2010;Pasaman Regency
425;2130432;2021;Gaziantep Metropolitan Municipality
426;650706;2022;City of Boston, MA
427;456923;2022;City of Miami, FL
428;209170;2023;City of Naga, Camarines Sur
429;241599;2017;Municipalidad de PeÃ±alolÃ©n
430;128464;2020;City of Columbia, MO
431;43284;2023;Makinohara City
432;162273;2022;City of Heidelberg
433;21662;2017;Crespo
434;350000;2018;Alcaldia de Pasto
435;2299339;2023;Taoyuan City Government
436;629616;2020;City Government of Makati
437;167092;2021;Dangjin City
438;1155574;2019;City of Kisumu
439;72810;2022;HolbÃ¦kÂ Municipality
440;14034861;2023;Tokyo Metropolitan Government
441;112800;2022;Hutt City Council
442;1365642;2023;City of Prague
443;72646;2021;City of Lappeenranta
444;1200000;2015;Freetown City
445;643452;2021;Municipality of Athens
446;3774638;2021;Ekurhuleni Metropolitan Municipality
447;80017;2019;City of Miami Beach, FL
448;2662777;2021;Miami-Dade, FL
449;353802;2021;Wakefield Council
450;2300;2020;Ramona
451;936263;2020;Ayuntamiento de Hermosillo
452;812000;2021;Leeds City Council
453;2590300;2022;Bekasi City Government
454;403950;2021;Nagasaki City
455;209937;2021;City of Richmond, BC
456;629616;2020;City Government of Makati
457;808437;2022;City of San Francisco, CA
458;62454;2023;Hua-Hin Municipality
459;6938;2020;City of Belfast, ME
460;7181469;2021;BogotÃ¡ Distrito Capital
461;13292;2020;Superior, CO
462;62468;2022;North Miami, FL
463;2375151;2010;Municipality of Belo Horizonte
464;4017000;2023;New Taipei City Government
465;278278;2016;Steve Tshwete
466;168433;2018;AlcaldÃ­a de Yopal
467;46131;2021;Municipality of Ãgueda
468;1845838;2023;Tainan City Government
469;1636193;2022;City of Barcelona
470;171357;2021;Merri-bek City Council
471;83651;2021;City of Peterborough, ON
472;84607;2023;City of Treviso
473;3427;2022;FanÃ¸ Municipality
474;63116;2021;City of Fredericton, NB
475;1636193;2022;City of Barcelona
476;10609700;2021;Jakarta City Government
477;26201;2011;Municipalidad de CaÃ±as
478;545796;2021;City of Lisbon
479;67622;2021;Municipality of Faro
480;355679;2021;Prefeitura de Caucaia
481;61950;2021;City of Santa Cruz, CA
482;1264817;2020;Cuyahoga County, OH
483;268851;2021;City of Reno, NV
484;2363691;2022;Daegu Metropolitan City
485;1636193;2022;City of Barcelona
486;150477;2022;Orange County, NC
487;378387;2022;Coventry City Council
488;726000;2022;Buffalo City Metropolitan Municipality
489;366018;2021;City of Leicester
490;209151;2021;North Tyneside Council
491;545796;2021;City of Lisbon
492;460855;2022;Canberra
493;287603;2023;Gwangmyeong City
494;4430700;2019;Greater Amman Municipality
495;293218;2022;City Municipality of Ljubljana
496;37596;2022;Prefeitura de SirinhaÃ©m
497;934000;2023;City of Pietermaritzburg
498;99337;2017;Municipalidad de Miraflores
499;10609700;2021;Jakarta City Government
500;171839;2022;City of Fort Collins, CO
501;403191;2017;YaoundÃ© 3
502;24618;2021;Suphanburi
503;798367;2022;Pingtung County Government
504;2662777;2021;Miami-Dade, FL
505;46649;2022;Trelleborg Municipality
506;1264817;2020;Cuyahoga County, OH
507;290423;2021;South Gloucestershire Council
508;138141;2020;Dipolog City
509;650706;2022;City of Boston, MA
510;3222200;2022;Zhenjiang Municipal People's Government
511;156830;2021;Municipality of GuimarÃ£es
512;162517;2022;Renca
513;242140;2022;Uppsala Municipality
514;471200;2021;Bristol City Council
515;322068;2023;Tagum City
516;3025647;2022;City of Toronto, ON
517;141085;2020;Gainesville, FL
518;319566;2021;Nottingham City Council
519;3025647;2022;City of Toronto, ON
520;36130;2021;City of Gibraltar
521;11107;2021;City of Piedmont, CA
522;108250;2021;City of Boulder, CO
523;629616;2020;City Government of Makati
524;138501;2021;Town of Whitby, ON
525;76708;2021;City of Prince George, BC
526;162273;2022;City of Heidelberg
527;36398;2022;Byron Shire Council
528;162100;2021;Oxford City Council
529;36422;2022;El Santuario
530;859665;2023;Petaling Jaya City Council
531;24600000;2015;City of Lagos
532;108250;2021;City of Boulder, CO
533;23000;2020;City of Oxford, OH
534;1063513;2023;Bogor City Government
535;88168;2021;District of North Vancouver, BC
536;1319108;2011;Intendencia de Montevideo
537;443037;2022;City of ZÃ¼rich
538;164759;2021;Cao Lanh
539;3025647;2022;City of Toronto, ON
540;235500;2022;Arlington, VA
541;202821;2021;City of York Council
542;171307;2021;City of Newcastle
543;147720;2021;Dundee City Council
544;12200180;2022;Prefeitura de SÃ£o Paulo
545;650706;2022;City of Boston, MA
546;118403;2020;City of Cambridge, MA
547;1253893;2022;Can Tho City
548;364756;2022;Prefeitura de Rio Branco
549;15907951;2022;Istanbul Metropolitan Municipality
550;8607;2018;City of Park City, UT
551;327506;2021;Wandsworth Council
552;41310;2019;Lake District National Park Authority
553;22393;2022;Prefeitura de QuissamÃ£
554;833932;2022;Prefeitura Municipal de JoÃ£o Pessoa
555;88168;2021;District of North Vancouver, BC
556;649708;2022;Quang Tri Province
557;153810;2021;Perth and Kinross
558;15701;2015;Santa Cruz de GalÃ¡pagos
559;559674;2023;City of Manchester
560;86697;2020;City of Duluth, MN
561;349325;2020;Junta Intermunicipal de Medio Ambiente de Sierra Occidental y Costa (JISOC)
562;1514796;2023;Ville de Dakar
563;329793;2021;Boulder County, CO
564;8367790;2023;RegiÃ³n Metropolitana de Santiago
565;3755251;2022;City of Berlin
566;47722;2022;San Luis Obispo, CA
567;26201;2011;Municipalidad de CaÃ±as
568;491346;2021;Hue City
569;993183;2019;Siaya County
570;125640;2020;City of San Fernando, La Union
571;1382000;2023;City of San Diego, CA
572;357377;2022;City of MalmÃ¶
573;4678900;2021;City of Cape Town
574;322068;2023;Tagum City
575;169524;2023;Municipio de Escuintla
576;8367790;2023;RegiÃ³n Metropolitana de Santiago
577;866510;2020;City of Turin
578;44480;2020;City of Salem, MA
579;22563;2023;Municipality of Koekelberg
580;1503300;2021;Essex County Council
581;908386;2022;City of Columbus, OH
582;199723;2020;Salt Lake City, UT
583;158188;2022;Prefeitura de Abaetetuba
584;10609700;2021;Jakarta City Government
585;353463;2023;Pemba Municipality
586;319566;2021;Nottingham City Council
587;564981;2021;City of Genoa
588;70620;2020;Kribi 1
589;45244;2011;Ayuntamiento de ConcepciÃ³n de Buenos Aires
590;350100;2020;Karsiyaka Municipality
591;213063;2018;Comodoro Rivadavia
592;1576251;2022;City of Philadelphia, PA
593;366018;2021;City of Leicester
594;1961;2022;Beteitiva
595;139875;2023;City of ReykjavÃ­k
596;79107;2022;City of Bloomington, IN
597;44480;2020;City of Salem, MA
598;369749;2022;City of New Orleans, LA
599;388767;2022;Municipality of Sintra
600;159813;2022;City of Melbourne
601;334529;2020;Howard County, MD
602;443116;2022;Prefeitura de JundiaÃ­
603;333800;2020;Playa del Carmen
604;61940;2017;Mbabane City Council
605;13292;2020;Superior, CO
606;99557;2023;City of Yarra
607;134640;2023;Dunedin City Council
608;0;;Kampala City
609;128992;2023;Lund Municipality
610;580944;2020;Majlis Bandaraya Iskandar Puteri
611;19893;2023;City of Akureyri
612;176811;2019;Langsa City
613;127193;2023;Nueva Loja
614;99693;2022;Municipality of Viseu
615;2662777;2021;Miami-Dade, FL
616;25258;2022;SÃ¶derhamn Municipality
617;25845;2016;Municipalidad de Montecarlo
618;643452;2021;Municipality of Athens
619;1636193;2022;City of Barcelona
620;150975;2022;City of Helsingborg
621;3081550;2022;City of Buenos Aires
622;281500;2010;Muar Municipal Council
623;199417;2020;City of Grand Rapids, MI
624;24000;2017;Municipalidad de BelÃ©n
625;242917;2022;City of Vantaa
626;27433;2023;FÃ¦rder Municipality
627;537213;2022;Prefeitura de FlorianÃ³polis
628;170390;2021;Mornington Peninsula Shire
629;15907951;2022;Istanbul Metropolitan Municipality
630;103353;2021;City of South Bend, IN
631;808437;2022;City of San Francisco, CA
632;1264817;2020;Cuyahoga County, OH
633;216189;2022;Wellington City Council
634;388767;2022;Municipality of Sintra
635;6938;2020;City of Belfast, ME
636;859665;2023;Petaling Jaya City Council
637;204550;2022;City of Basel
638;1861975;2022;City of Warsaw
639;159813;2022;City of Melbourne
640;39085;2022;Unley City Council
641;51380;2020;City of La Crosse, WI
642;103327;2023;MUNICIPALIDAD DE SURQUILLO
643;108250;2021;City of Boulder, CO
644;1396673;2022;City of Milan
645;68624;2022;City of Palo Alto, CA
646;130616;2012;Manzanillo
647;1217692;2022;Capital Municipality of Sofia
648;7004;2020;City of Aspen, CO
649;336534;2022;City of Henderson, NV
650;466742;2020;City of Long Beach, CA
651;273271;2020;Municipality of Salamanca
652;715884;2020;Metropolitan Government of Nashville and Davidson County, TN
653;4462056;2022;Ä°zmir Metropolitan Municipality
654;204550;2022;City of Basel
655;162517;2022;Renca
656;976482;2022;City of San JosÃ©, CA
657;527607;2022;Sumbawa Regency
658;8600;2021;City of London (City)
659;117735;2021;District of Saanich, BC
660;21261;2021;Village of Park Forest, IL
661;46131;2021;Municipality of Ãgueda
662;7004;2020;City of Aspen, CO
663;808437;2022;City of San Francisco, CA
664;308935;2021;City of Cincinnati, OH
665;8448000;2022;Fuzhou Municipal People's Government
666;564000;2023;Municipality of The Hague
667;460855;2022;Canberra
668;288311;2022;City of Saskatoon, SK
669;369749;2022;City of New Orleans, LA
670;91105;2023;City of Santa Monica, CA
671;156745;2023;KlaipÄ—da City Municipality
672;1297458;2021;City of Austin, TX
673;68624;2022;City of Palo Alto, CA
674;63228;2018;City of Cupertino, CA
675;739669;2023;Trenggalek Regency
676;59234;2023;Frederikshavn Municipality
677;107311;2022;City of Melville
678;569578;2020;Cornwall Council
679;171357;2021;Merri-bek City Council
680;300200;2021;Newcastle City Council
681;490270;2023;City of Atlanta, GA
682;8577735;2020;Chicago Metropolitan Mayors Caucus
683;1576251;2022;City of Philadelphia, PA
684;522100;2021;Durham County Council
685;457410;2022;South-East Region of Ireland (Kilkenny, Carlow, Wexford, and Waterford Counties)
686;976482;2022;City of San JosÃ©, CA
687;293538;2020;City and Metropolitan Municipality of Strasbourg
688;37596;2022;Prefeitura de SirinhaÃ©m
689;1773733;2022;Municipality of Curitiba
690;2162202;2019;City of Nakuru
691;2744691;2021;Kaohsiung City Government
692;71785;2023;City of Cannes
693;37596;2022;Prefeitura de SirinhaÃ©m
694;62098;2021;City of Medford, MA
695;45373;2022;City of Charlottesville, VA
696;411448;2020;Junta Intermunicipal de Medio Ambiente Altos Sur (JIAS)
697;94067;2021;City of Asheville, NC
698;114615;2022;Municipalidad de La UniÃ³n
699;31338;2015;Municipalidad San Pablo de Heredia
700;3597000;2020;City of Tshwane
701;3025647;2022;City of Toronto, ON
702;366079;2022;City of Florence
703;3427;2022;FanÃ¸ Municipality
704;249060;2022;City of Tampere
705;3317812;2022;Busan Metropolitan City
706;1472909;2022;City of San Antonio, TX
707;215874;2020;Ayuntamiento de San CristÃ³bal de las Casas
708;129333;2022;Prefeitura de Barcarena
709;132169;2020;San Pedro Garza GarcÃ­a
710;216189;2022;Wellington City Council
711;1503300;2021;Essex County Council
712;4500000;2019;City of Nairobi
713;183000;2021;Hammersmith and Fulham London Borough Council
714;3025647;2022;City of Toronto, ON
715;460855;2022;Canberra
716;99464;2023;City of Beaverton, OR
717;83601;2023;City of Mountain View, CA
718;322068;2023;Tagum City
719;509319;2023;Kansas City, MO
720;522100;2021;Durham County Council
721;202864;2022;City of Little Rock, AR
722;316473;2022;Prefeitura Municipal de Barueri
723;100281;2017;Municipalidad de Independencia
724;5383728;2022;City of Dar es Salaam
725;154922;2021;Blackburn with Darwen Borough Council
726;635640;2020;Glasgow City Council
727;150975;2022;City of Helsingborg
728;984748;2022;City of Stockholm
729;197900;2022;City of Turku
730;1135000;2022;Seberang Perai Municipal Council
731;2703391;2021;Municipality of Fortaleza
732;1253893;2022;Can Tho City
733;53254;2022;Hvidovre Municipality
734;13928;2020;City of Bexley, OH
735;143485;2020;Junta Intermunicipal de la Cuenca Baja del Rio Ayuquila (JIRA)
736;2960048;2020;The Local Government of Quezon City
737;308935;2021;City of Cincinnati, OH
738;17420;2022;GÃ¤llivare Municipality
739;635640;2020;Glasgow City Council
740;365534;2017;Municipalidad Distrital de Chimbote
741;145114;2022;JÃ¶nkÃ¶ping Municipality
742;808437;2022;City of San Francisco, CA
743;11825;2018;General Ramirez
744;150506;2020;Delicias
745;75907;2022;City of Flagstaff, AZ
746;567214;2022;Itabashi
747;3280782;2022;City of Madrid
748;130616;2012;Manzanillo
749;366079;2022;City of Florence
750;2919600;2021;West Midlands Combined Authority
751;9189036;2020;Mexico City
752;183000;2021;Hammersmith and Fulham London Borough Council
753;1576251;2022;City of Philadelphia, PA
754;50917;2021;Municipality of Caldas da Rainha
755;976482;2022;City of San JosÃ©, CA
756;215000;2022;Solihull Council
757;1275000;2021;Antananarivo
758;3755251;2022;City of Berlin
759;114615;2022;Municipalidad de La UniÃ³n
760;578771;2021;City of Omaha, NE
761;235500;2022;Arlington, VA
762;1144900;2021;Birmingham City Council
763;125094;2021;City of Allentown, PA
764;8770;2023;New Plymouth District Council
765;650706;2022;City of Boston, MA
766;559674;2023;City of Manchester
767;650912;2022;Prefeitura de CuiabÃ¡
768;156830;2021;Municipality of GuimarÃ£es
769;11506;2022;Ã…tvidaberg Municipality
770;2817068;2022;Distrito Federal (BrasÃ­lia)
771;162174;2020;Penampang District Council
772;8053663;2019;Hanoi City
773;512498;2022;City of Mesa, AZ
774;182500;2022;Municipality of Nijmegen
775;242983;2023;Yamato City
776;1978906;2023;Broward County, FL
777;294551;2021;ItagÃ¼Ã­
778;44480;2020;City of Salem, MA
779;472000;2022;Alcaldia de Pereira
780;8770;2023;New Plymouth District Council
781;543445;2020;City of Muntinlupa
782;10609700;2021;Jakarta City Government
783;694109;2023;Municipality of Saragossa (Spain)
784;42446;2021;City of Beverly, MA
785;60769;2021;San Rafael, CA
786;976482;2022;City of San JosÃ©, CA
787;472000;2022;Alcaldia de Pereira
788;3222200;2022;Zhenjiang Municipal People's Government
789;25350;2020;City of Tumwater, WA
790;190740;2020;City of Knoxville, TN
791;812000;2021;Leeds City Council
792;1503300;2021;Essex County Council
793;117147;2021;City of Berkeley, CA
794;333154;2023;Municipalidad de Portoviejo
795;1253893;2022;Can Tho City
796;509216;2021;City of Matsuyama
797;155352;2020;Segamat
798;116400;2018;Alcaldia de Rionegro
799;211328;2020;City of Rochester, NY
800;350000;2022;Quelimane Municipal Council
801;274200;2021;Sunderland City Council
802;1049777;2020;Municipio de QuerÃ©taro
803;2025928;2021;Ville de Montreal, QC
804;108250;2021;City of Boulder, CO
805;79244;2022;LuleÃ¥ Municipality
806;300200;2021;Newcastle City Council
807;1056332;2022;City of Denizli
808;3025647;2022;City of Toronto, ON
809;8770;2023;New Plymouth District Council
810;8607;2018;City of Park City, UT
811;577388;2023;AlcaldÃ­a Distrital de Santa Marta
812;130616;2012;Manzanillo
813;3025647;2022;City of Toronto, ON
814;3427;2022;FanÃ¸ Municipality
815;186076;2021;City of Fort Lauderdale, FL
816;807183;2020;Derbyshire County Council
817;1217692;2022;Capital Municipality of Sofia
818;235500;2022;Arlington, VA
819;204550;2022;City of Basel
820;186137;2022;Bontang City
821;201542;2023;Municipio de Santa Elena
822;70793;2023;Municipio de San Jose
823;984748;2022;City of Stockholm
824;46131;2021;Municipality of Ãgueda
825;229660;2021;City of Windsor, ON
826;24000;2017;Municipalidad de BelÃ©n
827;241599;2017;Municipalidad de PeÃ±alolÃ©n
828;1264817;2020;Cuyahoga County, OH
829;52131;2021;Municipality of Amarante
830;24000;2017;Municipalidad de BelÃ©n
831;186948;2021;City of Burlington, ON
832;3025647;2022;City of Toronto, ON
833;241599;2017;Municipalidad de PeÃ±alolÃ©n
834;568971;2021;YaoundÃ© 6
835;600000;2022;Intendencia de Canelones
836;509216;2021;City of Matsuyama
837;88798;2023;City of Lucca
838;2440553;2010;Santiago de Guayaquil
839;70793;2023;Municipio de San Jose
840;808437;2022;City of San Francisco, CA
841;81748;2022;City of Boynton Beach, FL
842;290423;2021;South Gloucestershire Council
843;235500;2022;Arlington, VA
844;79815;2023;City of Somerville, MA
845;969466;2021;City of Indianapolis, IN
846;500425;2020;Kota Kinabalu City Hall
847;357377;2022;City of MalmÃ¶
848;113761;2023;Municipalidad Provincial de Huamanga
849;284000;2022;Ã‡orlu Belediyesi
850;576498;2021;City of Baltimore, MD
851;5054;2020;Town of Breckenridge, CO
852;859665;2023;Petaling Jaya City Council
853;97422;2020;City of Boca Raton, FL
854;387309;2020;Municipality of Ambato
855;3025647;2022;City of Toronto, ON
856;1638738;2023;Fukuoka City
857;10540;2018;Empedrado
858;455535;2023;Government of the City of Yogyakarta
859;404495;2017;Municipalidad de Santiago
860;306322;2020;Municipality of Santa Catarina
861;545796;2021;City of Lisbon
862;3214630;2022;Metropolitan Municipality of Milan
863;36398;2022;Byron Shire Council
864;8448000;2022;Fuzhou Municipal People's Government
865;636996;2020;AlcaldÃ­a de Cuenca
866;63399;2023;HelsingÃ¸r Municipality
867;7079;2019;Arequito
868;467880;2022;Tel Aviv-Yafo Municipality
869;140954;2022;Blackpool Council
870;11506;2022;Ã…tvidaberg Municipality
871;215000;2022;Solihull Council
872;1342514;2023;City of Saitama
873;55437;2017;Municipalidad de Provincial de Arequipa
874;74490;2022;City of Alba Iulia
875;232597;2022;Dharmasraya City
876;24618;2021;Suphanburi
877;53053;2022;HÃ¸je-Taastrup Municipality
878;10609700;2021;Jakarta City Government
879;2814459;2022;Taichung City Government
880;629616;2020;City Government of Makati
881;96904;2022;City of Fayetteville, AR
882;467880;2022;Tel Aviv-Yafo Municipality
883;1200000;2015;Freetown City
884;249267;2022;Nam Dinh
885;183000;2021;Hammersmith and Fulham London Borough Council
886;186076;2021;City of Fort Lauderdale, FL
887;39050;2021;City-State of Monaco
888;46131;2021;Municipality of Ãgueda
889;29625;2019;Marcos JuÃ¡rez
890;162100;2021;Oxford City Council
891;118403;2020;City of Cambridge, MA
892;329972;2021;London Borough of Enfield
893;649708;2022;Quang Tri Province
894;4430700;2019;Greater Amman Municipality
895;414812;2020;City of Santa Rosa
896;24021;2020;Town of Acton, MA
897;3025647;2022;City of Toronto, ON
898;1225142;2010;La mairie de Bujumbura
899;4430700;2019;Greater Amman Municipality
900;79815;2023;City of Somerville, MA
901;156120;2022;City of Lakewood, CO
902;8367790;2023;RegiÃ³n Metropolitana de Santiago
903;241599;2017;Municipalidad de PeÃ±alolÃ©n
904;85450;2022;City of Solna
905;3025647;2022;City of Toronto, ON
906;5864;2019;Concejo Municipal de Distrito de Monte Verde
907;8500;2021;Village of Hastings-on-Hudson, NY
908;8448000;2022;Fuzhou Municipal People's Government
909;290423;2021;South Gloucestershire Council
910;117735;2021;District of Saanich, BC
911;108250;2021;City of Boulder, CO
912;204550;2022;City of Basel
913;12205;2019;Zarcero
914;46800;2022;City of Chefchaouen
915;2288042;2021;Coimbatore City Municipal Corporation
916;193349;2021;Municipality of Braga
917;62098;2022;Town of Chapel Hill, NC
918;537213;2022;Prefeitura de FlorianÃ³polis
919;366018;2021;City of Leicester
920;24021;2020;Town of Acton, MA
921;357377;2022;City of MalmÃ¶
922;9189036;2020;Mexico City
923;244769;2022;Tarakan City
924;171839;2022;City of Fort Collins, CO
925;42446;2021;City of Beverly, MA
926;480439;2022;Prefeitura da Cidade de SÃ£o JosÃ© do Rio Preto
927;128464;2020;City of Columbia, MO
928;204550;2022;City of Basel
929;2758454;2022;City of Rome
930;46131;2021;Municipality of Ãgueda
931;174587;2020;Ayuntamiento de Almoloya de JuÃ¡rez
932;63399;2023;HelsingÃ¸r Municipality
933;767131;2021;City of Zagreb
934;0;;Myoko City
935;686966;2020;Shah Alam City Council
936;88168;2021;District of North Vancouver, BC
937;28057;2021;City of Easton, PA
938;608947;2022;Municipio de Bucaramanga
939;270000;2021;City of St. Petersburg, FL
940;209937;2021;City of Richmond, BC
941;348945;2023;Sukabumi City
942;209151;2021;North Tyneside Council
943;1275000;2021;Antananarivo
944;322068;2023;Tagum City
945;713252;2020;City of Denver, CO
946;2960048;2020;The Local Government of Quezon City
947;2867800;2021;Greater Manchester Combined Authority
948;480582;2022;Halifax Regional Municipality, NS
949;60769;2021;San Rafael, CA
950;241245;2022;Probolinggo
951;59000;2022;City of TrollhÃ¤ttan
952;8367790;2023;RegiÃ³n Metropolitana de Santiago
953;188737;2022;City of Brussels
954;10609700;2021;Jakarta City Government
955;4017000;2023;New Taipei City Government
956;995129;2021;Municipio de MÃ©rida
957;205624;2020;Latacunga
958;374861;2021;City of Cleveland, OH
959;8574974;2017;Metropolitan Municipality of Lima
960;500425;2020;Kota Kinabalu City Hall
961;345006;2021;Belfast City Council
962;0;;Setouchi City
963;391231;2010;Santa FÃ© Ciudad
964;150190;2020;Ayuntamiento de TepatitlÃ¡n de Morelos
965;83601;2023;City of Mountain View, CA
966;984748;2022;City of Stockholm
967;1721215;;Gobierno Municipal de LeÃ³n de los Aldamas
968;22563;2023;Municipality of Koekelberg
969;59000;2022;City of TrollhÃ¤ttan
970;709037;2023;Oslo Municipality
971;634139;2021;City of Memphis, TN
972;1776949;2020;City Government of Davao
973;132650;2020;San Carlos City
974;246855;2017;Ville de Longueuil, QC
975;569355;2021;City of Hamilton, ON
976;171357;2021;Merri-bek City Council
977;712572;2021;Leicestershire County Council
978;37596;2022;Prefeitura de SirinhaÃ©m
979;3081550;2022;City of Buenos Aires
980;167092;2021;Dangjin City
981;879958;2020;Presidencia Municipal de Saltillo
982;445849;2021;City of Oakland, CA
983;936263;2020;Ayuntamiento de Hermosillo
984;644425;2022;Copenhagen Municipality
985;241599;2017;Municipalidad de PeÃ±alolÃ©n
986;41721;2023;Fredensborg Municipality
987;715884;2020;Metropolitan Government of Nashville and Davidson County, TN
988;1396673;2022;City of Milan
989;241599;2017;Municipalidad de PeÃ±alolÃ©n
990;1077742;2023;Goyang City
991;120093;2022;City of Lahti
992;44480;2020;City of Salem, MA
993;369749;2022;City of New Orleans, LA
994;60453;2022;Santa Ana (Costa Rica)
995;235500;2022;Arlington, VA
996;53254;2022;Hvidovre Municipality
997;3025647;2022;City of Toronto, ON
998;274200;2021;Sunderland City Council
999;270000;2021;City of St. Petersburg, FL
1000;410419;2022;Blacktown City Council
1001;1845838;2023;Tainan City Government
1002;2280907;2022;Santiago de Cali
1003;4678900;2021;City of Cape Town
1004;209151;2021;North Tyneside Council
1005;264281;2020;Manta
1006;50000;2022;Oreamuno
1007;35506;2020;City of Manhattan Beach, CA
1008;159813;2022;City of Melbourne
1009;8607;2018;City of Park City, UT
1010;94672;2021;Municipality of Valongo
1011;165139;2022;Prefeitura de Francisco Morato
1012;345006;2021;Belfast City Council
1013;668791;2021;District of Columbia, DC
1014;1715600;2021;Auckland Council
1015;274449;2021;City of Chula Vista, CA
1016;209937;2021;City of Richmond, BC
1017;643452;2021;Municipality of Athens
1018;60290;2017;Municipalidad de Magdalena del Mar
1019;812000;2021;Leeds City Council
1020;99693;2022;Municipality of Viseu
1021;2831122;2022;Distrito Metropolitano de Quito
1022;1065570;2023;Alcaldia Distrital de Cartagena de Indias
1023;119875;2022;City of Ann Arbor, MI
1024;195278;2021;Richmond Council
1025;75907;2022;City of Flagstaff, AZ
1026;241245;2022;Probolinggo
1027;2696555;2021;City of Chicago, IL
1028;3254;2023;Floresta
1029;282415;2017;Municipalidad de Temuco
1030;4885;2022;GÃ¡meza
1031;24000;2017;Municipalidad de BelÃ©n
1032;443037;2022;City of ZÃ¼rich
1033;4190516;2020;East Central Florida Regional Planning Council
1034;201542;2023;Municipio de Santa Elena
1035;204550;2022;City of Basel
1036;2573220;2023;MedellÃ­n
1037;494299;2019;Metropolitan Municipality of Rouen
1038;808437;2022;City of San Francisco, CA
1039;252000;2023;City of Winston-Salem, NC
1040;569578;2020;Cornwall Council
1041;650706;2022;City of Boston, MA
1042;584053;2020;Municipalidad de MaipÃº
1043;737015;2020;City of Seattle, WA
1044;1203108;2021;Surrey County Council
1045;545796;2021;City of Lisbon
1046;19599;2022;Prefeitura de TapauÃ¡
1047;99354;2019;Santander de Quilichao
1048;600000;2022;Intendencia de Canelones
1049;167092;2021;Dangjin City
1050;385634;2020;Limapuluh Kota Regency
1051;58502;2020;Abington Township, PA
1052;46131;2021;Municipality of Ãgueda
1053;599196;2017;Municipalidad Distrital de Ate
1054;359512;2019;City of Cardiff
1055;36650;2022;VÃ¤stervik Municipality
1056;97137;2022;VÃ¤xjÃ¶ Municipality
1057;525041;2021;City of Sacramento, CA
1058;345006;2021;Belfast City Council
1059;467880;2022;Tel Aviv-Yafo Municipality
1060;369749;2022;City of New Orleans, LA
1061;995638;2022;City and County of Honolulu, HI
1062;101079;2020;City of New Bedford, MA
1063;10609700;2021;Jakarta City Government
1064;325691;2022;City of Mannheim
1065;349728;2021;Prefeitura Municipal de Canoas
1066;456923;2022;City of Miami, FL
1067;116566;2023;City of Catbalogan
1068;1454017;2022;Gwangju Metropolitan City
1069;1657035;2022;City of Phoenix, AZ
1070;26861;2011;Municipalidad de Quepos
1071;274200;2021;Sunderland City Council
1072;536365;2022;Bursa NilÃ¼fer Municipality
1073;44480;2020;City of Salem, MA
1074;73541;2018;Ushuaia
1075;1160244;2022;Thua Thien Hue Province
1076;152223;2021;Swale Borough Council
1077;137227;2019;Lujan de Cuyo
1078;5383728;2022;City of Dar es Salaam
1079;1396673;2022;City of Milan
1080;244769;2022;Tarakan City
1081;88798;2023;City of Lucca
1082;94125;2019;Cipolletti
1083;27433;2023;FÃ¦rder Municipality
1084;521169;2020;Ayuntamiento de Celaya
1085;2288250;2021;City of Houston, TX
1086;5494932;2022;Bangkok Metropolitan Administration
1087;300200;2021;Newcastle City Council
1088;417865;2020;Junta Intermunicipal de Medio Ambiente Altos Norte (JIAN)
1089;212660;2023;Trondheim Municipality
1090;753336;2022;Ugu District Municipality
1091;35000;2022;Abasan Al-Kabira Municipality
1092;329793;2021;Boulder County, CO
1093;327506;2021;Wandsworth Council
1094;217748;2022;City of Sydney
1095;6938;2020;City of Belfast, ME
1096;262700;2023;Aberdeenshire Council
1097;41132;2023;Montes de Oca
1098;643452;2021;Municipality of Athens
1099;1636193;2022;City of Barcelona
1100;99224;2020;City of Albany, NY
1101;91350;2017;San Antonio
1102;400100;2021;BCP Council
1103;171307;2021;City of Newcastle
1104;67748;2018;Villa Carlos Paz
1105;471495;2023;Umhlathuze
1106;98177;2022;Tweed Shire Council
1107;569330;2021;City of Milwaukee, WI
1108;20647;2022;Prefeitura de ApuÃ­
1109;84148;2020;Chemung County, NY
1110;144000;2022;Norwich City Council
1111;881933;2022;Municipality of Amsterdam
1112;3773214;2022;City of Yokohama
1113;4678900;2021;City of Cape Town
1114;129790;2023;Lo Barnechea
1115;59234;2023;Frederikshavn Municipality
1116;243609;2019;Envigado
1117;58873;2022;City of Dubuque, IA
1118;467880;2022;Tel Aviv-Yafo Municipality
1119;650706;2022;City of Boston, MA
1120;27433;2023;FÃ¦rder Municipality
1121;17703;2020;City of Takoma Park, MD
1122;467880;2022;Tel Aviv-Yafo Municipality
1123;199417;2020;City of Grand Rapids, MI
1124;8770;2023;New Plymouth District Council
1125;204550;2022;City of Basel
1126;984748;2022;City of Stockholm
1127;850530;2020;Municipality of Tirana
1128;239850;2022;City of Tanjungpinang
1129;46131;2021;Municipality of Ãgueda
1130;2662777;2021;Miami-Dade, FL
1131;515317;2020;Prefeitura de NiterÃ³i
1132;26575;2022;Laholm Municipality
1133;5690020;2020;Metropolitan Washington Council of Governments
1134;158495;2017;Municipalidad  Provincial de Piura
1135;101079;2020;City of New Bedford, MA
1136;240378;2021;Prefeitura de SÃ£o Leopoldo
1137;319566;2021;Nottingham City Council
1138;6211423;2022;Prefeitura do Rio de Janeiro
1139;85460;2022;JÃ¤rfÃ¤lla Municipality
1140;2960048;2020;The Local Government of Quezon City
1141;1396673;2022;City of Milan
1142;686966;2020;Shah Alam City Council
1143;1170789;2013;Pikine
1144;366079;2022;City of Florence
1145;1503300;2021;Essex County Council
1146;3766109;2023;City of Los Angeles, CA
1147;53053;2022;HÃ¸je-Taastrup Municipality
1148;45570;2022;Arendal Municipality
1149;58608;2020;City of Shoreline, WA
1150;10609700;2021;Jakarta City Government
1151;321600;2021;Northumberland County Council
1152;8227;2022;City of Oberlin, OH
1153;201542;2023;Municipio de Santa Elena
1154;57703;2022;City of Hoboken, NJ
1155;26861;2011;Municipalidad de Quepos
1156;10609700;2021;Jakarta City Government
1157;644425;2022;Copenhagen Municipality
1158;141814;2020;Junta Municipal de Medio Ambiente Lagunas (JIMAL)
1159;715884;2020;Metropolitan Government of Nashville and Davidson County, TN
1160;88965;2018;GualeguaychÃº
1161;117735;2021;District of Saanich, BC
1162;555671;2022;Ville de Quebec, QC
1163;75000;2023;Ramallah
1164;808437;2022;City of San Francisco, CA
1165;692583;2021;Commune de Cocody
1166;1110663;2022;Ulsan Metropolitan City
1167;41132;2023;Montes de Oca
1168;150680;2020;Derry City & Strabane
1169;209533;2020;Legazpi City
1170;3600000;2022;The Executive Council, Govt of Dubai
1171;1954935;2022;City of Kuala Lumpur
1172;150596;2023;Imabari City
1173;2036889;2020;Accra Metropolitan Assembly
1174;812000;2021;Leeds City Council
1175;26120;2022;City of Adelaide
1176;8367790;2023;RegiÃ³n Metropolitana de Santiago
1177;8804190;2020;New York City, NY
1178;1908600;2022;Government of Tangerang City
1179;562225;2019;Somerset Council
1180;2418005;2022;City of Salvador
1181;384428;2020;Junta Intermunicipal de Medio Ambiente Region Valles (JIMAV)
1182;737015;2020;City of Seattle, WA
1183;70620;2020;Kribi 1
1184;209533;2020;Legazpi City
1185;133000;2023;Municipalidad de San Borja
1186;24000;2017;Municipalidad de BelÃ©n
1187;145700;2021;Cambridge City Council
1188;29550;2022;Municipalidad de Avellaneda
1189;241245;2022;Probolinggo
1190;53254;2022;Hvidovre Municipality
1191;2480681;2022;Taipei City Government
1192;88168;2021;District of North Vancouver, BC
1193;686966;2020;Shah Alam City Council
1194;14645;2023;Municipality of Elva
1195;808437;2022;City of San Francisco, CA
1196;668448;2022;City of Vancouver, BC
1197;936263;2020;Ayuntamiento de Hermosillo
1198;308623;2022;Wyndham City Council
1199;177305;2022;Regional District of Nanaimo, BC
1200;1087803;2022;City of Edmonton, AB
1201;186076;2021;City of Fort Lauderdale, FL
1202;307292;2023;Commune de TsÃ©viÃ©
1203;1225058;2023;Suwon City
1204;2573220;2023;MedellÃ­n
1205;267655;2020;Municipalidad de Vicente LÃ³pez
1206;3755251;2022;City of Berlin
1207;52131;2021;Municipality of Amarante
1208;208732;2022;City of Padua
1209;457410;2022;South-East Region of Ireland (Kilkenny, Carlow, Wexford, and Waterford Counties)
1210;2299339;2023;Taoyuan City Government
1211;456923;2022;City of Miami, FL
1212;99863;2021;City of Nanaimo, BC
1213;68408;2020;City of Portland, ME
1214;3773214;2022;City of Yokohama
1215;650706;2022;City of Boston, MA
1216;61950;2021;City of Santa Cruz, CA
1217;253174;2022;City of Venice
1218;322068;2023;Tagum City
1219;195278;2021;Richmond Council
1220;1253893;2022;Can Tho City
1221;242917;2022;City of Vantaa
1222;798367;2022;Pingtung County Government
1223;8367790;2023;RegiÃ³n Metropolitana de Santiago
1224;73979;2020;City of Evanston, IL
1225;99693;2022;Municipality of Viseu
1226;977234;2020;City of Zamboanga
1227;1636193;2022;City of Barcelona
1228;2480681;2022;Taipei City Government
1229;88168;2021;District of North Vancouver, BC
1230;388767;2022;Municipality of Sintra
1231;2364581;2017;Maputo Metropolitan Area
1232;167092;2021;Dangjin City
1233;136517;2021;Municipality of Maia
1234;1636193;2022;City of Barcelona
1235;569330;2021;City of Milwaukee, WI
1236;2919600;2021;West Midlands Combined Authority
1237;184118;2021;City of Tempe, AZ
1238;15907951;2022;Istanbul Metropolitan Municipality
1239;4184944;2021;eThekwini Municipality
1240;737015;2020;City of Seattle, WA
1241;808437;2022;City of San Francisco, CA
1242;717961;2021;City of Mississauga, ON
1243;69441;2021;City of Eau Claire, WI
1244;357377;2022;City of MalmÃ¶
1245;216189;2022;Wellington City Council
1246;2177;2014;San Carlos Sud
1247;472000;2022;Alcaldia de Pereira
1248;1169;2022;Busbanza
1249;2758454;2022;City of Rome
1250;262700;2023;Aberdeenshire Council
1251;649708;2022;Quang Tri Province
1252;205319;2022;City of Worcester, MA
1253;378387;2022;Coventry City Council
1254;564000;2023;Municipality of The Hague
1255;655106;2022;Municipality of Rotterdam
1256;10609700;2021;Jakarta City Government
1257;82754;2022;Municipalidad de Puyo
1258;130616;2012;Manzanillo
1259;25307;2023;La Esperanza
1260;24000;2017;Municipalidad de BelÃ©n
1261;302898;2022;City of Pittsburgh, PA
1262;1636193;2022;City of Barcelona
1263;162273;2022;City of Heidelberg
1264;232597;2022;Dharmasraya City
1265;737015;2020;City of Seattle, WA
1266;6100000;2022;City of Johannesburg
1267;1396673;2022;City of Milan
1268;527607;2022;Sumbawa Regency
1269;57703;2022;City of Hoboken, NJ
1270;171863;2023;Kamakura City
1271;98177;2022;Tweed Shire Council
1272;4318;2018;General Lavalle
1273;8607;2018;City of Park City, UT
1274;77617;2021;City of Bethlehem, PA
1275;467880;2022;Tel Aviv-Yafo Municipality
1276;241599;2017;Municipalidad de PeÃ±alolÃ©n
1277;3741;2022;Municipality of TÃ³paga
1278;10609700;2021;Jakarta City Government
1279;89364;2021;Sabaneta
1280;13161;2010;Town of York, ME
1281;481983;2022;KadÄ±kÃ¶y
1282;3280782;2022;City of Madrid
1283;24000;2017;Municipalidad de BelÃ©n
1284;242917;2022;City of Vantaa
1285;262700;2023;Aberdeenshire Council
1286;1776949;2020;City Government of Davao
1287;317713;2021;City of MÃ¼nster
1288;9189036;2020;Mexico City
1289;75359;2017;Municipalidad Distrital de JesÃºs MarÃ­a
1290;435000;2022;City of London, ON
1291;25350;2020;City of Tumwater, WA
1292;526470;2021;Edinburgh City Council
1293;46649;2022;Trelleborg Municipality
1294;726800;2022;Denpasar City Government
1295;174200;2021;Reading Borough Council
1296;284222;2022;Municipio de Loja
1297;366018;2021;City of Leicester
1298;2744691;2021;Kaohsiung City Government
1299;8500000;2021;Corporation of Chennai
1300;794313;2020;Municipal Council of Penang
1301;216000;2021;Municipality of Cascais
1302;2145906;2022;City of Paris
1303;7181773;2021;Amdavad Municipal Corporation (Ahmedabad)
1304;37596;2022;Prefeitura de SirinhaÃ©m
1305;132235;2022;UmeÃ¥ Municipality
1306;9002488;2020;Greater London Authority
1307;150680;2020;Derry City & Strabane
1308;231723;2022;Sutherland Shire Council
1309;423323;2022;Prefeitura do MunicÃ­pio de Piracicaba
1310;559674;2023;City of Manchester
1311;10609700;2021;Jakarta City Government
1312;1845838;2023;Tainan City Government
1313;1138309;2022;Municipality of Campinas
1314;490270;2023;City of Atlanta, GA
1315;723574;2021;Prefeitura de Sorocaba
1316;41059;2022;Mount Barker District Council
1317;100000;2021;Walvis Bay Municipality
1318;76971;2023;La Estrella
1319;2036889;2020;Accra Metropolitan Assembly
1320;5383728;2022;City of Dar es Salaam
1321;976482;2022;City of San JosÃ©, CA
1322;26201;2011;Municipalidad de CaÃ±as
1323;329972;2021;London Borough of Enfield
1324;522100;2021;Durham County Council
1325;636996;2020;AlcaldÃ­a de Cuenca
1326;993183;2019;Siaya County
1327;300200;2021;Newcastle City Council
1328;5383728;2022;City of Dar es Salaam
1329;9189036;2020;Mexico City
1330;1087803;2022;City of Edmonton, AB
1331;2260000;2020;Iskandar Regional Development Authority
1332;154823;2020;Santa Fe County, NM
1333;242917;2022;City of Vantaa
1334;11147;2022;Municipalidad Distrital de Masisea
1335;500425;2020;Kota Kinabalu City Hall
1336;650706;2022;City of Boston, MA
1337;1776949;2020;City Government of Davao
1338;1288457;2021;City of Dallas, TX
1339;2817068;2022;Distrito Federal (BrasÃ­lia)
1340;162517;2022;Renca
1341;713252;2020;City of Denver, CO
1342;629616;2020;City Government of Makati
1343;460307;2023;City of Tallinn
1344;159467;2020;City of Alexandria, VA
1345;145114;2022;JÃ¶nkÃ¶ping Municipality
1346;165958;2021;City of Greater Sudbury / Grand Sudbury, ON
1347;369749;2022;City of New Orleans, LA
1348;126666;2021;Town of Ajax, ON
1349;108250;2021;City of Boulder, CO
1350;241245;2022;Probolinggo
1351;1978906;2023;Broward County, FL
1352;101079;2020;City of New Bedford, MA
1353;204138;2019;Godoy Cruz
1354;913862;2022;Quang Binh Province
1355;10609700;2021;Jakarta City Government
1356;2525677;2023;Medan City Government
1357;9667669;2022;Seoul Metropolitan Government
1358;700138;2021;Ansan City
1359;167092;2021;Dangjin City
1360;12875213;2020;City of Mumbai
1361;2480681;2022;Taipei City Government
1362;443037;2022;City of ZÃ¼rich
1363;8448000;2022;Fuzhou Municipal People's Government
1364;199417;2020;City of Grand Rapids, MI
1365;44578;2017;Puerto Varas
1366;44480;2020;City of Salem, MA
1367;118403;2020;City of Cambridge, MA
1368;737015;2020;City of Seattle, WA
1369;522100;2021;Durham County Council
1370;188498;2019;Municipio de San Luis
1371;336000;2017;Aarhus Kommune
1372;30000;2015;Abasan Al-Kabira Municipality
1373;30000;2015;Abasan Al-Kabira Municipality
1374;1608746;2016;Ajuntament de Barcelona
1375;1608746;2016;Ajuntament de Barcelona
1376;1608746;2016;Ajuntament de Barcelona
1377;1608746;2016;Ajuntament de Barcelona
1378;1608746;2016;Ajuntament de Barcelona
1379;505585;2010;AlcaldÃ­a de Cuenca
1380;505585;2010;AlcaldÃ­a de Cuenca
1381;275207;2015;AlcaldÃ­ade Sincelejo
1382;1614400;2016;Auckland Council
1383;1614400;2016;Auckland Council
1384;1614400;2016;Auckland Council
1385;3165883;2016;Ayuntamiento de Madrid
1386;3165883;2016;Ayuntamiento de Madrid
1387;439902;2015;Ayuntamiento de Murcia
1388;122660;2016;BÃ¦rum Kommune
1389;5696409;2015;Bangkok Metropolitan Administration
1390;5696409;2015;Bangkok Metropolitan Administration
1391;5696409;2015;Bangkok Metropolitan Administration
1392;78764;2011;Barreiro
1393;198206;2016;Basel-Stadt
1394;198206;2016;Basel-Stadt
1395;354170;2016;Batangas City
1396;354170;2016;Batangas City
1397;1047922;2015;Bogor City Government
1398;7980001;2016;BogotÃ¡ Distrito Capital
1399;438549;2016;Bornova Municipality
1400;29209;2011;Byron Shire Council
1401;400000;2016;Canberra
1402;400000;2016;Canberra
1403;1063907;2016;Changwon City
1404;529039;2010;City Government of Makati
1405;529039;2010;City Government of Makati
1406;529039;2010;City Government of Makati
1407;23615;2016;City of Adelaide
1408;23615;2016;City of Adelaide
1409;6180;2017;City of Ã†rÃ¸skÃ¸bing
1410;18340;2016;City of Akureyri
1411;74000;2016;City of Alba-Iulia
1412;74000;2016;City of Alba-Iulia
1413;74000;2016;City of Alba-Iulia
1414;74000;2016;City of Alba-Iulia
1415;74000;2016;City of Alba-Iulia
1416;97856;2010;City of Albany
1417;97856;2010;City of Albany
1418;97856;2010;City of Albany
1419;97856;2010;City of Albany
1420;117770;2015;City of Ann Arbor
1421;117770;2015;City of Ann Arbor
1422;220400;2016;City of Arlington, VA
1423;8427;2010;City of Aspen and Pitkin County
1424;8427;2010;City of Aspen and Pitkin County
1425;664046;2011;City of Athens
1426;443775;2013;City of Atlanta
1427;443775;2013;City of Atlanta
1428;443775;2013;City of Atlanta
1429;912791;2016;City of Austin
1430;614664;2016;City of Baltimore
1431;84000;2016;City of Bellingham, WA
1432;27450;2014;City of Benicia
1433;669469;2015;City of Boston
1434;669469;2015;City of Boston
1435;107167;2015;City of Boulder
1436;191400;2015;City of Bournemouth
1437;1409671;2015;City of BrasÃ­lia
1438;4603;2015;City of Brisbane, CA
1439;3059122;2016;City of Buenos Aires
1440;396815;2010;City of Cleveland
1441;161000;2015;City of Lancaster
1442;42284;2015;City of Burlington
1443;1235055;2016;City of Calgary
1444;1235055;2016;City of Calgary
1445;1235055;2016;City of Calgary
1446;109694;2014;City of Cambridge
1447;4012441;2016;City of Cape Town
1448;4012441;2016;City of Cape Town
1449;4012441;2016;City of Cape Town
1450;4012441;2016;City of Cape Town
1451;4012441;2016;City of Cape Town
1452;4012441;2016;City of Cape Town
1453;354300;2014;City of Cardiff
1454;809958;2014;City of Charlotte
1455;48210;2010;City of Charlottesville, VA
1456;48210;2010;City of Charlottesville, VA
1457;2720546;2015;City of Chicago
1458;2720546;2015;City of Chicago
1459;298550;2015;City of Cincinnati
1460;298550;2015;City of Cincinnati
1461;161000;2015;City of Lancaster
1462;396815;2010;City of Cleveland
1463;396815;2010;City of Cleveland
1464;133358;2015;City of Columbia, SC
1465;850106;2016;City of Columbus
1466;602504;2016;City of Copenhagen
1467;158985;2016;City of Hayward
1468;60572;2015;City of Cupertino
1469;60572;2015;City of Cupertino
1470;60572;2015;City of Cupertino
1471;65600;2010;City of Davis, CA
1472;15000000;2011;City of Delhi
1473;15000000;2011;City of Delhi
1474;682545;2015;City of Denver
1475;682545;2015;City of Denver
1476;250815;2015;City of Durham
1477;893000;2015;City of Edmonton
1478;893000;2015;City of Edmonton
1479;893000;2015;City of Edmonton
1480;10570;2014;City of Emeryville, CA
1481;10570;2014;City of Emeryville, CA
1482;274522;2016;City of Espoo
1483;274522;2016;City of Espoo
1484;165885;2016;City of Eugene
1485;82830;2016;City of Fayetteville, AR
1486;161000;2016;City of Fort Collins
1487;247329;2016;City of Gdynia
1488;287027;2017;City of Greensboro
1489;550700;2015;City of Hamilton
1490;550700;2015;City of Hamilton
1491;550700;2015;City of Hamilton
1492;550700;2015;City of Hamilton
1493;636000;2016;City of Helsinki
1494;636000;2016;City of Helsinki
1495;636000;2016;City of Helsinki
1496;74220;2015;City of Iowa City
1497;74220;2015;City of Iowa City
1498;4900000;2016;City of Johannesburg
1499;185291;2016;City of Knoxville
1500;1890000;2015;City of Kuala Lumpur
1501;51320;2010;City of La Crosse, WI
1502;119452;2016;City of Lahti
1503;19375;2010;City of Lake Forest, IL
1504;152589;2015;City of Lakewood
1505;152589;2015;City of Lakewood
1506;161000;2015;City of Lancaster
1507;161000;2015;City of Lancaster
1508;161000;2015;City of Lancaster
1509;161000;2015;City of Lancaster
1510;547773;2011;City of Lisbon
1511;547773;2011;City of Lisbon
1512;547773;2011;City of Lisbon
1513;288307;2016;City of Ljubljana
1514;381000;2015;City of London, ON
1515;381000;2015;City of London, ON
1516;381000;2015;City of London, ON
1517;484958;2016;City of Long Beach
1518;484958;2016;City of Long Beach
1519;4030904;2016;City of Los Angeles
1520;4030904;2016;City of Los Angeles
1521;4030904;2016;City of Los Angeles
1522;4030904;2016;City of Los Angeles
1523;312722;2015;City of Mannheim
1524;57437;2014;City of Medford
1525;136336;2015;City of Melbourne
1526;413892;2014;City of Miami
1527;410939;2015;City of Minneapolis
1528;410939;2015;City of Minneapolis
1529;410939;2015;City of Minneapolis
1530;391495;2017;City of New Orleans
1531;52898;2016;City of North Vancouver
1532;52898;2016;City of North Vancouver
1533;28549;2010;City of Northampton, MA
1534;419000;2015;City of Oakland
1535;658390;2016;City of Oslo
1536;658390;2016;City of Oslo
1537;658390;2016;City of Oslo
1538;934243;2016;City of Ottawa
1539;934243;2016;City of Ottawa
1540;66478;2017;City of Palo Alto
1541;66478;2017;City of Palo Alto
1542;665822;2015;City of ParaÃ±aque
1543;2265886;2015;City of Paris
1544;2265886;2015;City of Paris
1545;2265886;2015;City of Paris
1546;7873;2012;City of Park City, UT
1547;1555072;2015;City of Philadelphia
1548;11082;2013;City of Piedmont, CA
1549;305704;2016;City of Pittsburgh
1550;305704;2016;City of Pittsburgh
1551;305704;2016;City of Pittsburgh
1552;305704;2016;City of Pittsburgh
1553;185937;2011;City of Podgorica
1554;185937;2011;City of Podgorica
1555;185937;2011;City of Podgorica
1556;5150;2014;City of Port Allen, LA
1557;619360;2014;City of Portland, OR
1558;238954;2011;City of Porto
1559;74003;2016;City of Prince George, BC
1560;178562;2014;City of Providence
1561;122460;2016;City of ReykjavÃ­k
1562;122460;2016;City of ReykjavÃ­k
1563;107571;2013;City of Richmond, CA
1564;107571;2013;City of Richmond, CA
1565;107571;2013;City of Richmond, CA
1566;220289;2015;City of Richmond, VA
1567;98465;2013;City of Roanoke
1568;210563;2010;City of Rochester
1569;490712;2015;City of Sacramento
1570;490712;2015;City of Sacramento
1571;490712;2015;City of Sacramento
1572;;#N/A;City of Salem, MA
1573;1394928;2015;City of San Diego
1574;1394928;2015;City of San Diego
1575;864816;2016;City of San Francisco
1576;864816;2016;City of San Francisco
1577;864816;2016;City of San Francisco
1578;1042094;2016;City of San JosÃ©
1579;88441;2015;City of San Leandro, CA
1580;64220;2015;City of Santa Cruz, CA
1581;64220;2015;City of Santa Cruz, CA
1582;92000;2014;City of Santa Monica
1583;92000;2014;City of Santa Monica
1584;265300;2016;City of Saskatoon
1585;265300;2016;City of Saskatoon
1586;662400;2015;City of Seattle
1587;13000000;2016;City of Shenzhen
1588;3731096;2017;City of Yokohama
1589;78900;2014;City of Somerville, MA
1590;319294;2010;City of St Louis
1591;923516;2015;City of Stockholm
1592;210931;2016;City of Sydney
1593;;;
1594;2753100;2011;City of Toronto
1595;2753100;2011;City of Toronto
1596;;;
1597;631486;2016;City of Vancouver
1598;631486;2016;City of Vancouver
1599;34399;2010;City of West Hollywood
1600;106779;2016;City of West Palm Beach
1601;106779;2016;City of West Palm Beach
1602;217188;2016;City of Windsor
1603;735600;2016;City of Winnipeg
1604;635759;2015;City of Wroclaw
1605;3731096;2017;City of Yokohama
1606;3731096;2017;City of Yokohama
1607;3731096;2017;City of Yokohama
1608;3731096;2017;City of Yokohama
1609;3731096;2017;City of Yokohama
1610;3731096;2017;City of Yokohama
1611;3731096;2017;City of Yokohama
1612;3731096;2017;City of Yokohama
1613;702564;2016;City of Zaragoza
1614;114822;2010;Ciudad de Mendoza
1615;265000;2014;CommunautÃ© urbaine du Grand Nancy
1616;106397;2015;Comune di Bolzano
1617;133155;2015;Comune di Ferrara
1618;377635;2017;Comune di Firenze
1619;377635;2017;Comune di Firenze
1620;377635;2017;Comune di Firenze
1621;377635;2017;Comune di Firenze
1622;583601;2016;Comune di Genova
1623;1359905;2015;Comune di Milano
1624;122955;2016;Comune di Monza
1625;960000;2011;Comune di Napoli
1626;59977;2016;Comune di Olbia
1627;31630;2015;Comune di Oristano
1628;210000;2017;Comune di Padova
1629;194000;2017;Comune di Parma
1630;194000;2017;Comune di Parma
1631;102269;2014;Comune di Piacenza
1632;391414;2016;Comune di Ravenna
1633;99528;2013;Comune di Udine
1634;261905;2016;Comune di Venezia
1635;681170;2016;District of Columbia
1636;2239191;2010;Distrito Metropolitano de Quito
1637;2239191;2010;Distrito Metropolitano de Quito
1638;2239191;2010;Distrito Metropolitano de Quito
1639;2239191;2010;Distrito Metropolitano de Quito
1640;2239191;2010;Distrito Metropolitano de Quito
1641;2239191;2010;Distrito Metropolitano de Quito
1642;2239191;2010;Distrito Metropolitano de Quito
1643;2239191;2010;Distrito Metropolitano de Quito
1644;527612;2011;Dublin City Council
1645;42000;2015;Egedal Municipality
1646;61632;2015;Elsinore Municipality
1647;61632;2015;Elsinore Municipality
1648;61632;2015;Elsinore Municipality
1649;49351;2015;Fafe
1650;40112;2016;Fredensborg Kommune
1651;40112;2016;Fredensborg Kommune
1652;60379;2015;Frederikshavn Kommune
1653;1787408;2015;Free and Hanseatic City of Hamburg
1654;1787408;2015;Free and Hanseatic City of Hamburg
1655;461489;2014;Gdansk
1656;200500;2016;Gemeente Groningen
1657;624000;2014;Gemeente Rotterdam
1658;67347;2015;Gladsaxe Kommune
1659;598830;2011;Glasgow City Council
1660;2053757;2012;Gobierno AutÃ³nomo Municipal de Tarija
1661;;#N/A;Gobierno Municipal de LeÃ³n de los Aldamas
1662;10204000;2016;Seoul Metropolitan Government
1663;7336600;2016;Government of Hong Kong Special Administrative Region
1664;7336600;2016;Government of Hong Kong Special Administrative Region
1665;8600000;2015;Greater London Authority
1666;8600000;2015;Greater London Authority
1667;2762000;2014;Greater Manchester
1668;49960;2016;Hoeje-Taastrup Kommune
1669;24709;2014;HÃ¸rsholm Kommune
1670;438322;2017;Hsinchu City Government
1671;438322;2017;Hsinchu City Government
1672;438322;2017;Hsinchu City Government
1673;537948;2015;Hsinchu County Government
1674;537948;2015;Hsinchu County Government
1675;1945000;2016;Iskandar Regional Development Authority
1676;2779371;2016;Kaohsiung City Government
1677;238000;2015;Landeshauptstadt Magdeburg
1678;238000;2015;Landeshauptstadt Magdeburg
1679;27317;2016;Lejre Kommune
1680;7992;2016;Los Altos Hills
1681;328494;2017;MalmÃ¶ Stad
1682;8755262;2014;Metropolitan Municipality of Lima
1683;38093;2017;Middelfart Kommune
1684;38093;2017;Middelfart Kommune
1685;38093;2017;Middelfart Kommune
1686;54656;2015;Municipalidad de Magdalena del Mar
1687;147533;2015;Municipalidad de Providencia
1688;292878;2010;Municipalidad de San Isidro (Argentina)
1689;292878;2010;Municipalidad de San Isidro (Argentina)
1690;292878;2010;Municipalidad de San Isidro (Argentina)
1691;54206;2015;Municipalidad de San Isidro (Lima)
1692;54206;2015;Municipalidad de San Isidro (Lima)
1693;54206;2015;Municipalidad de San Isidro (Lima)
1694;44574;2016;Municipality of Arendal
1695;2513451;2016;Municipality of Belo Horizonte
1696;322128;2015;Municipality of Cainta
1697;322128;2015;Municipality of Cainta
1698;322128;2015;Municipality of Cainta
1699;322128;2015;Municipality of Cainta
1700;322128;2015;Municipality of Cainta
1701;322128;2015;Municipality of Cainta
1702;322128;2015;Municipality of Cainta
1703;322128;2015;Municipality of Cainta
1704;322128;2015;Municipality of Cainta
1705;322128;2015;Municipality of Cainta
1706;322128;2015;Municipality of Cainta
1707;1625583;2016;Municipality of Recife
1708;1625583;2016;Municipality of Recife
1709;1625583;2016;Municipality of Recife
1710;1625583;2016;Municipality of Recife
1711;1625583;2016;Municipality of Recife
1712;1625583;2016;Municipality of Recife
1713;1625583;2016;Municipality of Recife
1714;1625583;2016;Municipality of Recife
1715;182000;2011;MunicÃ­pio de Braga
1716;154920;2015;MunicÃ­pio de GuimarÃ£es
1717;66029;2011;MunicÃ­pio de Moita
1718;3970644;2016;New Taipei City Government
1719;3970644;2016;New Taipei City Government
1720;3970644;2016;New Taipei City Government
1721;3970644;2016;New Taipei City Government
1722;8537673;2016;New York City
1723;8537673;2016;New York City
1724;772695;2016;Pasig City Government
1725;835792;2016;Pingtung County Government
1726;580489;2015;Prefeitura de CuiabÃ¡
1727;550000;2010;Prefeitura de FlorianÃ³polis
1728;279856;2016;Prefeitura de Palmas
1729;6498837;2016;Prefeitura do Rio de Janeiro
1730;645862;2016;Regional Municipality of Durham
1731;645862;2016;Regional Municipality of Durham
1732;645862;2016;Regional Municipality of Durham
1733;641423;2017;Riga City
1734;58176;2012;RingkÃ¸bing-Skjern Kommune
1735;192672;2015;Salt Lake City
1736;61752;2011;SantarÃ©m
1737;5600000;2016;Singapore Government
1738;74801;2017;Sonderborg Kommune
1739;74801;2017;Sonderborg Kommune
1740;74801;2017;Sonderborg Kommune
1741;146333;2015;Stadt Heidelberg
1742;415682;2016;Stadt ZÃ¼rich
1743;415682;2016;Stadt ZÃ¼rich
1744;415682;2016;Stadt ZÃ¼rich
1745;2750000;2016;Taichung City Government
1746;1886033;2016;Tainan City Government
1747;1886033;2016;Tainan City Government
1748;2695704;2016;Taipei City Government
1749;2695704;2016;Taipei City Government
1750;2695704;2016;Taipei City Government
1751;2153521;2017;Taoyuan City Government
1752;110644;2015;TarnÃ³w
1753;150528;2011;Tartu City Council
1754;1113000;2016;Tbilisi City
1755;432900;2014;Tel Aviv-Yafo Municipality
1756;515739;2015;The Hague
1757;515739;2015;The Hague
1758;13646764;2017;Tokyo Metropolitan Government
1759;79465;2011;Torres Vedras Municipality
1760;109600;2011;Town of Ajax, ON
1761;44215;2015;Town of Blacksburg
1762;5305;2010;Town of Vail, CO
1763;218;2017;Village of Kadiovacik
1764;10000000;2017;Ville de Kinshasa
1765;38400;2015;Ville de Monaco
1766;38400;2015;Ville de Monaco
1767;1959987;2013;Ville de Montreal
1768;20675;2016;Ville de Nyon
1769;40905;2017;Ville de Salaberry-de-Valleyfield
1770;542626;2015;Vilnius City Municipality
1771;209102;2017;Wellington City Council
1772;209102;2017;Wellington City Council
1773;209102;2017;Wellington City Council
1774;209102;2017;Wellington City Council
1775;209102;2017;Wellington City Council
1776;4811;2011;Municipalidad de Yala
1777;1152115;2011;Nelson Mandela Bay Municipality
1778;3165883;2016;Ayuntamiento de Madrid
1779;8537673;2016;New York City
1780;131044;2015;City of Denton, TX
1781;1959987;2013;Ville de Montreal
1782;42284;2015;City of Burlington
1783;209102;2017;Wellington City Council
1784;662400;2015;City of Seattle
1785;1886033;2016;Tainan City Government
1786;210563;2010;City of Rochester
1787;119452;2016;City of Lahti
1788;287027;2017;City of Greensboro
1789;187000;2016;City of Turku
1790;74220;2015;City of Iowa City
1791;145674;2015;City of Savannah
1792;183887;2015;City of Brownsville
1793;2902927;2014;City of Salvador
1794;2296224;2015;City of Houston
1795;354170;2016;Batangas City
1796;735600;2016;City of Winnipeg
1797;11082;2013;City of Piedmont, CA
1798;3705490;2016;Greater Amman Municipality
1799;853000;2015;City of Indianapolis
1800;614664;2016;City of Baltimore
1801;923516;2015;City of Stockholm
1802;2265886;2015;City of Paris
1803;8244400;2015;Ho Chi Minh City
1804;38093;2017;Middelfart Kommune
1805;78900;2014;City of Somerville, MA
1806;161000;2016;City of Fort Collins
1807;66666;2014;City of Portland, ME
1808;217188;2016;City of Windsor
1809;841490;2015;Ayuntamiento de  Chihuahua
1810;1537058;2015;City of Phoenix
1811;57437;2014;City of Medford
1812;50655;2016;Hobart City Council
1813;49960;2016;Hoeje-Taastrup Kommune
1814;92000;2014;City of Santa Monica
1815;298550;2015;City of Cincinnati
1816;381000;2015;City of London, ON
1817;7980001;2016;BogotÃ¡ Distrito Capital
1818;3800000;2013;Addis Ababa City Administration
1819;2750000;2016;Taichung City Government
1820;377635;2017;Comune di Firenze
1821;44215;2015;Town of Blacksburg
1822;191400;2015;City of Bournemouth
1823;98465;2013;City of Roanoke
1824;4603;2015;City of Brisbane, CA
1825;236995;2014;City of Reno
1826;192672;2015;Salt Lake City
1827;2153521;2017;Taoyuan City Government
1828;8874724;2014;Mexico City
1829;265300;2016;City of Saskatoon
1830;497883;2016;Prefeitura NiterÃ³i
1831;864816;2016;City of San Francisco
1832;19375;2010;City of Lake Forest, IL
1833;6527903;2012;RegiÃ³n Metropolitana de Santiago
1834;681170;2016;District of Columbia
1835;619360;2014;City of Portland, OR
1836;209086;2017;Alcaldia de Tulua
1837;624000;2014;Gemeente Rotterdam
1838;550000;2010;Prefeitura de FlorianÃ³polis
1839;152589;2015;City of Lakewood
1840;2513451;2016;Municipality of Belo Horizonte
1841;14804116;2016;Istanbul Metropolitan Municipality
1842;65600;2010;City of Davis, CA
1843;2369829;2015;Santiago de Cali
1844;3300000;2017;Pretoria - Tshwane
1845;208122;2014;Cascais
1846;602504;2016;City of Copenhagen
1847;354300;2014;City of Cardiff
1848;1578626;2015;Gobierno Municipal de LeÃ³n de los Aldamas
1849;26915;2015;City of Easton, PA
1850;82830;2016;City of Fayetteville, AR
1851;494013;2013;Prefeitura de Porto Velho
1852;29209;2011;Byron Shire Council
1853;300353;2015;City of Saint Paul, MN
1854;893000;2015;City of Edmonton
1855;7992;2016;Los Altos Hills
1856;274522;2016;City of Espoo
1857;1945000;2016;Iskandar Regional Development Authority
1858;1301892;2010;City of GoiÃ¢nia
1859;1235055;2016;City of Calgary
1860;13646764;2017;Tokyo Metropolitan Government
1861;68667;2013;City of Flagstaff
1862;678889;2015;Metropolitan Government of Nashville and Davidson County
1863;185291;2016;City of Knoxville
1864;136336;2015;City of Melbourne
1865;10570;2014;City of Emeryville, CA
1866;636000;2016;City of Helsinki
1867;702564;2016;City of Zaragoza
1868;2695704;2016;Taipei City Government
1869;218;2017;Village of Kadiovacik
1870;432900;2014;Tel Aviv-Yafo Municipality
1871;4012441;2016;City of Cape Town
1872;7336600;2016;Government of Hong Kong Special Administrative Region
1873;12330126;2016;Moscow Government
1874;1787408;2015;Free and Hanseatic City of Hamburg
1875;830732;2010;Municipio de MÃ©rida
1876;288307;2016;City of Ljubljana
1877;178562;2014;City of Providence
1878;30000;2015;Abasan Al-Kabira Municipality
1879;325963;2011;Stara Zagora
1880;97856;2010;City of Albany
1881;67347;2015;Gladsaxe Kommune
1882;1614400;2016;Auckland Council
1883;6498837;2016;Prefeitura do Rio de Janeiro
1884;27450;2014;City of Benicia
1885;165885;2016;City of Eugene
1886;34399;2010;City of West Hollywood
1887;1047922;2015;Bogor City Government
1888;23615;2016;City of Adelaide
1889;78764;2011;Barreiro
1890;529039;2010;City Government of Makati
1891;1608746;2016;Ajuntament de Barcelona
1892;261905;2016;Comune di Venezia
1893;780531;2016;City of Tirana
1894;154920;2015;MunicÃ­pio de GuimarÃ£es
1895;109694;2014;City of Cambridge
1896;99528;2013;Comune di Udine
1897;54206;2015;Municipalidad de San Isidro (Lima)
1898;1751907;2010;Municipality of Curitiba
1899;1409671;2015;City of BrasÃ­lia
1900;5591589;2011;City of Ibadan
1901;631486;2016;City of Vancouver
1902;146333;2015;Stadt Heidelberg
1903;583601;2016;Comune di Genova
1904;210931;2016;City of Sydney
1905;64220;2015;City of Santa Cruz, CA
1906;131400;2014;City of St Catharines, ON
1907;20675;2016;Ville de Nyon
1908;1469845;2015;City of San Antonio
1909;55310;2010;Abington Township
1910;669469;2015;City of Boston
1911;106779;2016;City of West Palm Beach
1912;40905;2017;Ville de Salaberry-de-Valleyfield
1913;336000;2017;Aarhus Kommune
1914;220400;2016;City of Arlington, VA
1915;60000;2016;City of Lancaster, PA
1916;850106;2016;City of Columbus
1917;88441;2015;City of San Leandro, CA
1918;2239191;2010;Distrito Metropolitano de Quito
1919;175826;2015;City of Tempe, AZ
1920;391414;2016;Comune di Ravenna
1921;48210;2010;City of Charlottesville, VA
1922;443775;2013;City of Atlanta
1923;8755262;2014;Metropolitan Municipality of Lima
1924;8600000;2015;Greater London Authority
1925;79765;2015;Municipalidad de Rio Grande
1926;305704;2016;City of Pittsburgh
1927;2753100;2011;City of Toronto
1928;312722;2015;City of Mannheim
1929;8427;2010;City of Aspen and Pitkin County
1930;400000;2016;Canberra
1931;824229;2015;Ayuntamiento de San Luis PotosÃ­
1932;410939;2015;City of Minneapolis
1933;198206;2016;Basel-Stadt
1934;2779371;2016;Kaohsiung City Government
1935;74801;2017;Sonderborg Kommune
1936;2762000;2014;Greater Manchester
1937;200500;2016;Gemeente Groningen
1938;238954;2011;City of Porto
1939;52898;2016;City of North Vancouver
1940;5600000;2016;Singapore Government
1941;65308;2016;Municipality of HjÃ¸rring
1942;220289;2015;City of Richmond, VA
1943;42000;2015;Egedal Municipality
1944;3700000;2016;City of Durban
1945;158985;2016;City of Hayward
1946;665822;2015;City of ParaÃ±aque
1947;10155902;2017;Jakarta City Government
1948;3970644;2016;New Taipei City Government
1949;49351;2015;Fafe
1950;542626;2015;Vilnius City Municipality
1951;912791;2016;City of Austin
1952;107167;2015;City of Boulder
1953;4030904;2016;City of Los Angeles
1954;61632;2015;Elsinore Municipality
1955;3059122;2016;City of Buenos Aires
1956;635759;2015;City of Wroclaw
1957;161000;2015;City of Lancaster
1958;664046;2011;City of Athens
1959;133358;2015;City of Columbia, SC
1960;60572;2015;City of Cupertino
1961;238000;2015;Landeshauptstadt Magdeburg
1962;3518590;2015;AlcaldÃ­a Metropolitana de Caracas
1963;359555;2016;Prefeitura de VitÃ³ria
1964;378089;2010;Prefeitura de Betim
1965;117770;2015;City of Ann Arbor
1966;319294;2010;City of St Louis
1967;61019;2015;Faro
1968;2644891;2017;Santiago de Guayaquil
1969;55541;2016;Moroni City
1970;6180;2017;City of Ã†rÃ¸skÃ¸bing
1971;3731096;2017;City of Yokohama
1972;1629037;2016;City of Warsaw
1973;119098;2017;City of Columbia, MO
1974;391495;2017;City of New Orleans
1975;61752;2011;SantarÃ©m
1976;33528;2015;City of Gibraltar
1977;52831;2016;City of Hvidovre
1978;835792;2016;Pingtung County Government
1979;550700;2015;City of Hamilton
1980;1555072;2015;City of Philadelphia
1981;1625583;2016;Municipality of Recife
1982;458117;2015;Yilan County Government
1983;122660;2016;BÃ¦rum Kommune
1984;547773;2011;City of Lisbon
1985;688701;2013;City of Detroit
1986;2720546;2015;City of Chicago
1987;4900000;2016;City of Johannesburg
1988;934243;2016;City of Ottawa
1989;658390;2016;City of Oslo
1990;250815;2015;City of Durham
1991;564077;2017;AlcaldÃ­a de IbaguÃ©
1992;109600;2011;Town of Ajax, ON
1993;892276;2015;Comune di Torino
1994;415682;2016;Stadt ZÃ¼rich
1995;682545;2015;City of Denver
1996;265000;2014;CommunautÃ© urbaine du Grand Nancy
1997;91732;2014;City of Miami Beach, FL
1998;652481;2016;Prefeitura de Sorocaba
1999;419000;2015;City of Oakland
2000;1560900;2015;Municipalidad de  CÃ³rdoba
2001;79465;2011;Torres Vedras Municipality
2002;33729;2016;Prefeitura de Extrema
2003;834713;2016;City of Amsterdam
2004;66478;2017;City of Palo Alto
2005;396815;2010;City of Cleveland
2006;1886481;2011;Ville de Montreal
2007;2762000;2014;Greater Manchester
2008;236995;2014;City of Reno
2009;407207;2014;City of Minneapolis
2010;375000;2014;City of London, ON
2011;140000;2015;Ville de Lausanne
2012;835957;2014;City of Columbus
2013;550000;2015;MÃ©tropole Nice CÃ´te d'Azur
2014;2983484;2015;Incheon Metropolitan City
2015;2719000;2013;City of Chicago
2016;137889;2016;City of Melbourne
2017;320000;2016;Aarhus Kommune
2018;217853;2014;City of Richmond, VA
2019;621970;2016;City of Las Vegas
2020;8491079;2014;New York City
2021;1626514;2016;City of Warsaw
2022;2753100;2011;City of Toronto
2023;1101360;2014;Birmingham City Council
2024;354300;2014;City of Cardiff
2025;1751907;2010;Municipality of Curitiba
2026;3918830;2014;City of Cape Town
2027;878000;2014;City of Edmonton
2028;672228;2015;District of Columbia
2029;197005;2015;Basel-Stadt
2030;1030720;2014;Bogor City Government
2031;186000;2015;City of Turku
2032;646000;2013;City of Boston
2033;68667;2013;City of Flagstaff
2034;624000;2014;Gemeente Rotterdam
2035;2502557;2015;Municipality of Belo Horizonte
2036;2778729;2015;Kaohsiung City Government
2037;3966818;2014;New Taipei City Government
2038;;2015;Municipalidad de La Paz
2039;7314176;2015;RegiÃ³n Metropolitana de Santiago
2040;529039;2010;City Government of Makati
2041;265000;2014;CommunautÃ© urbaine du Grand Nancy
2042;149643;2014;City of Lakewood
2043;184281;2014;City of Knoxville
2044;98465;2013;City of Roanoke
2045;622793;2014;City of Baltimore
2046;431500;2015;City of Oakland
2047;10075300;2015;Jakarta City Government
2048;550000;2010;Prefeitura de FlorianÃ³polis
2049;1560297;2014;City of Philadelphia
2050;144948;2014;Stadt Heidelberg
2051;1555039;2012;Municipality of Recife
2052;1409671;2015;City of BrasÃ­lia
2053;35371;2010;University City, MO
2054;542626;2015;Vilnius City Municipality
2055;1400000;2016;City of San Diego
2056;61214;2014;Faro
2057;2350915;2010;Santiago de Guayaquil
2058;8755262;2014;Metropolitan Municipality of Lima
2059;822272;2015;City of Amsterdam
2060;8600000;2015;Greater London Authority
2061;1257676;2013;City of Dallas
2062;661108;2015;City of Zaragoza
2063;50002;2016;Hoeje-Taastrup Kommune
2064;97856;2010;City of Albany
2065;272726;2015;Prefeitura de Palmas
2066;658390;2016;City of Oslo
2067;263104;2016;Comune di Venezia
2068;52346;2014;City of North Vancouver
2069;109600;2011;Town of Ajax, ON
2070;662400;2015;City of Seattle
2071;10297138;2015;Seoul Metropolitan Government
2072;8874724;2014;Mexico City
2073;612664;2014;City of Helsinki
2074;3384569;2008;Addis Ababa City Administration
2075;6476631;2015;Prefeitura do Rio de Janeiro
2076;527612;2011;Dublin City Council
2077;238000;2015;Landeshauptstadt Magdeburg
2078;386181;2014;Comune di Bologna
2079;47729;2011;MunicÃ­pio de Ãgueda
2080;2704810;2015;Taipei City Government
2081;66955;2015;City of Palo Alto
2082;404783;2014;Stadt ZÃ¼rich
2083;400000;2016;Canberra
2084;443775;2013;City of Atlanta
2085;133155;2015;Comune di Ferrara
2086;603500;2011;City of Vancouver
2087;42284;2015;City of Burlington
2088;4764381;2015;City of Johannesburg
2089;898714;2014;Comune di Torino
2090;65600;2010;City of Davis, CA
2091;547773;2011;City of Lisbon
2092;78764;2011;Barreiro
2093;592995;2014;Comune di Genova
2094;850000;2014;City of Indianapolis
2095;55310;2010;Abington Township
2096;287218;2015;City of Ljubljana
2097;158911;2015;Comune di Ravenna
2098;1762791;2014;Free and Hanseatic City of Hamburg
2099;3054267;2015;City of Buenos Aires
2100;191400;2015;City of Bournemouth
2101;238954;2011;City of Porto
2102;13513734;2015;Tokyo Metropolitan Government
2103;7878783;2015;BogotÃ¡ Distrito Capital
2104;824229;2015;Ayuntamiento de San Luis PotosÃ­
2105;3200000;2016;Pretoria - Tshwane
2106;663862;2014;City of Denver
2107;73415;2015;City of Iowa City
2108;591481;2015;City of Copenhagen
2109;2868347;2015;Roma Capitale
2110;678889;2015;Metropolitan Government of Nashville and Davidson County
2111;2173141;2010;City of GoiÃ¢nia
2112;102269;2014;Comune di Piacenza
2113;901989;2014;City of Stockholm
2114;66029;2011;MunicÃ­pio de Moita
2115;396815;2010;City of Cleveland
2116;644919;2015;Prefeitura de Sorocaba
2117;1203915;2015;City of Calgary
2118;104810;2015;City of Boulder
2119;718400;2015;City of Winnipeg
2120;208122;2014;Cascais
2121;205339;2015;City of Sydney
2122;216700;2015;City of Arlington, VA
2123;864816;2015;City of San Francisco
2124;151190;2013;City of Eugene
2125;1569900;2015;Auckland Council
2126;519949;2011;City of Hamilton
2127;8334;2013;Los Altos Hills
2128;319294;2010;City of St Louis
2129;1350680;2014;Comune di Milano
2130;199766;2013;City of Yonkers
2131;122460;2015;City of ReykjavÃ­k
2132;7305700;2015;Government of Hong Kong Special Administrative Region
2133;3518590;2015;AlcaldÃ­a Metropolitana de Caracas
2134;43985;2014;Town of Blacksburg
2135;120432;2016;City of Lahti
2136;3719589;2015;City of Yokohama
2137;2274511;2015;City of Nagoya
2138;1191030;2015;City of Hiroshima
2139;23169;2015;City of Adelaide
2140;416007;2012;Bornova Municipality
2141;27450;2014;City of Benicia
2142;688701;2013;City of Detroit
2143;2265886;2015;City of Paris
2144;1221973;2015;Suwon City
2145;2114172;2016;Taoyuan City Hall
2146;6200;2015;City of Ã†rÃ¸skÃ¸bing
2147;60000;2016;City of Lancaster, PA
2148;3928864;2014;City of Los Angeles
2149;619360;2014;City of Portland, OR
2150;3555868;2015;City of Durban
2151;;2015;EstÃ¢ncia TurÃ­stica de GuaratinguetÃ¡
2152;389617;2015;City of New Orleans
2153;2369829;2015;Santiago de Cali
2154;1400000;2012;City of San Antonio
2155;144355;2015;City of Savannah
2156;11082;2013;City of Piedmont, CA
2157;34399;2010;City of West Hollywood
2158;305704;2016;City of Pittsburgh
2159;26581;2015;City of Alton, IL
2160;19375;2010;City of Lake Forest, IL
2161;92000;2014;City of Santa Monica
2162;888204;2015;City of Austin
2163;78900;2014;City of Somerville, MA
2164;529845;2015;City of Tucson
2165;705917;2015;City of Okayama
2166;332458;2015;Batangas City
2167;3604459;2015;Greater Amman Municipality
2168;4603;2015;City of Brisbane, CA
2169;61752;2011;SantarÃ©m
2170;79465;2011;Torres Vedras Municipality
2171;3156572;2015;Ayuntamiento de Madrid
2172;65308;2016;Municipality of HjÃ¸rring
2173;458777;2014;Yilan County
2174;203800;2015;Wellington City Council
2175;158985;2015;City of Hayward
2176;2902927;2014;City of Salvador
2177;8427;2010;City of Aspen and Pitkin County
2178;250815;2015;City of Durham
2179;210891;2011;City of Windsor
2180;840931;2016;Pingtung County Government
2181;19750;2015;City of Hermosa Beach, CA
2182;99528;2013;Comune di Udine
2183;1409351;2010;Municipality of Porto Alegre
2184;10570;2014;City of Emeryville, CA
2185;333812;2013;City of Leicester
2186;216;2016;Village of Kadiovacik
2187;664046;2011;City of Athens
2188;66656;2014;Gladsaxe Kommune
2189;2195914;2013;City of Houston
2190;21000000;2016;City of Lagos
2191;78698;2011;City of Peterborough
2192;2239191;2010;Distrito Metropolitano de Quito
